game_id,match_id,match_format,match_game_number,mode,queue_id,queue_name,ranked,season_id,season_name,started_at,ended_at,duration_seconds,turns,result,end_reason,your_player,went_first,your_lore,opp_lore,mmr_before,mmr_after,mmr_delta,is_placement,placement_number,your_user_id,your_deck_id,your_deck_colors,opp_display_name,opp_guest,opp_is_bot,opp_deck_colors,replay_id,replay_filename,replay_url,gamelog_id,gamelog_filename,gamelog_url
019e362c-7955-7bcc-8977-c9286eab8280,,bo1,,matchmaking,infinity-bo1,Infinity BO1,true,,Infinity BO1 - Set 12,2026-05-17T13:42:24.859Z,2026-05-17T13:52:20.451Z,596,10,win,lore,2,false,21,16,1048,1129,81,false,,826AhDXRASRMxNKUkTPEjNKwcEHmnvK3,019dff4e-4c85-702b-89e5-9a54c3bcd87b,Amber/Steel,Da_merk,false,false,Amber/Steel,019e362c-795a-7bcd-b657-dadc0b115d4a,019e362c-7955-7bcc-8977-c9286eab8280_p2.replay.gz,https://duels.ink/r/019e362c-795a-7bcd-b657-dadc0b115d4a,019e362c-7955-7bcc-8977-c9286eab8280,019e362c-7955-7bcc-8977-c9286eab8280.logs.gz,https://duels.ink/g/019e362c-7955-7bcc-8977-c9286eab8280
019e3200-de01-74be-8897-57aeeffaccb0,,bo1,,matchmaking,core-bo1,Core Set 12 BO1,true,,Core BO1 - Set 12,2026-05-16T18:16:18.182Z,2026-05-16T18:24:06.430Z,468,7,win,concede,1,false,16,13,1289,1300,11,false,,826AhDXRASRMxNKUkTPEjNKwcEHmnvK3,019dfb2c-c162-73de-9b9c-55862fee65a6,Sapphire/Steel,Geo,false,false,Amber/Steel,019e3200-de06-7c5c-897c-d2ce8fb13dc4,019e3200-de01-74be-8897-57aeeffaccb0_p1.replay.gz,https://duels.ink/r/019e3200-de06-7c5c-897c-d2ce8fb13dc4,019e3200-de01-74be-8897-57aeeffaccb0,019e3200-de01-74be-8897-57aeeffaccb0.logs.gz,https://duels.ink/g/019e3200-de01-74be-8897-57aeeffaccb0
019e31f4-f9e9-79e3-90d2-1def1fb13448,,bo1,,matchmaking,core-bo1,Core Set 12 BO1,true,,Core BO1 - Set 12,2026-05-16T18:03:18.912Z,2026-05-16T18:16:00.402Z,761,10,loss,lore,1,false,16,20,1306,1289,-17,false,,826AhDXRASRMxNKUkTPEjNKwcEHmnvK3,019dfb2c-c162-73de-9b9c-55862fee65a6,Sapphire/Steel,JGY,false,false,Amber/Sapphire,019e31f4-f9ff-768a-b15c-be0942314b64,019e31f4-f9e9-79e3-90d2-1def1fb13448_p1.replay.gz,https://duels.ink/r/019e31f4-f9ff-768a-b15c-be0942314b64,019e31f4-f9e9-79e3-90d2-1def1fb13448,019e31f4-f9e9-79e3-90d2-1def1fb13448.logs.gz,https://duels.ink/g/019e31f4-f9e9-79e3-90d2-1def1fb13448
019e2c1b-e135-78a0-96cd-76ae1b6186b6,,bo1,,matchmaking,core-bo1,Core Set 12 BO1,true,,Core BO1 - Set 12,2026-05-15T14:48:05.180Z,2026-05-15T14:51:18.318Z,193,5,win,concede,1,true,18,2,1302,1306,4,false,,826AhDXRASRMxNKUkTPEjNKwcEHmnvK3,019dfb2c-c162-73de-9b9c-55862fee65a6,Sapphire/Steel,weco1,false,false,Amethyst/Sapphire,019e2c1b-e13b-7e8e-a56f-96af35ed3411,019e2c1b-e135-78a0-96cd-76ae1b6186b6_p1.replay.gz,https://duels.ink/r/019e2c1b-e13b-7e8e-a56f-96af35ed3411,019e2c1b-e135-78a0-96cd-76ae1b6186b6,019e2c1b-e135-78a0-96cd-76ae1b6186b6.logs.gz,https://duels.ink/g/019e2c1b-e135-78a0-96cd-76ae1b6186b6
019e27be-c2fb-7e94-87f2-107c6a2bc95a,019e27b7-a3b7-7939-b5bd-c6e66b7d45bb,bo3,3,matchmaking,core-bo3,Core Set 12 BO3,true,,Core BO3 - Set 12,2026-05-14T18:27:53.731Z,2026-05-14T18:31:44.127Z,230,3,win,concede,2,false,2,0,993,1041,48,false,,826AhDXRASRMxNKUkTPEjNKwcEHmnvK3,019dfb2c-c162-73de-9b9c-55862fee65a6,Sapphire/Steel,JFKrug,false,false,Amber/Ruby,019e27be-c2ff-7295-b226-773ce3388a3c,019e27be-c2fb-7e94-87f2-107c6a2bc95a_p2.replay.gz,https://duels.ink/r/019e27be-c2ff-7295-b226-773ce3388a3c,019e27be-c2fb-7e94-87f2-107c6a2bc95a,019e27be-c2fb-7e94-87f2-107c6a2bc95a.logs.gz,https://duels.ink/g/019e27be-c2fb-7e94-87f2-107c6a2bc95a
019e27bd-662a-72fd-8669-fc0f92705d84,019e27b7-a3b7-7939-b5bd-c6e66b7d45bb,bo3,2,matchmaking,core-bo3,Core Set 12 BO3,true,,Core BO3 - Set 12,2026-05-14T18:26:24.434Z,2026-05-14T18:27:53.704Z,89,1,win,concede,2,true,0,0,,,,false,,826AhDXRASRMxNKUkTPEjNKwcEHmnvK3,019dfb2c-c162-73de-9b9c-55862fee65a6,Sapphire/Steel,JFKrug,false,false,Amber/Ruby,019e27bd-662d-75fe-855d-d65af2ca70cf,019e27bd-662a-72fd-8669-fc0f92705d84_p2.replay.gz,https://duels.ink/r/019e27bd-662d-75fe-855d-d65af2ca70cf,019e27bd-662a-72fd-8669-fc0f92705d84,019e27bd-662a-72fd-8669-fc0f92705d84.logs.gz,https://duels.ink/g/019e27bd-662a-72fd-8669-fc0f92705d84
019e27b7-a3b7-7939-b5bd-c6e5513fe583,019e27b7-a3b7-7939-b5bd-c6e66b7d45bb,bo3,1,matchmaking,core-bo3,Core Set 12 BO3,true,,Core BO3 - Set 12,2026-05-14T18:20:06.975Z,2026-05-14T18:26:24.400Z,377,8,loss,lore,2,true,13,20,,,,false,,826AhDXRASRMxNKUkTPEjNKwcEHmnvK3,019dfb2c-c162-73de-9b9c-55862fee65a6,Sapphire/Steel,JFKrug,false,false,Amber/Ruby,019e27b7-a3bf-7b5a-aa96-8f881acedba6,019e27b7-a3b7-7939-b5bd-c6e5513fe583_p2.replay.gz,https://duels.ink/r/019e27b7-a3bf-7b5a-aa96-8f881acedba6,019e27b7-a3b7-7939-b5bd-c6e5513fe583,019e27b7-a3b7-7939-b5bd-c6e5513fe583.logs.gz,https://duels.ink/g/019e27b7-a3b7-7939-b5bd-c6e5513fe583
019e27b1-d4bb-7a5c-b59f-f069f58a4ff0,,bo1,,matchmaking,core-bo1,Core Set 12 BO1,true,,Core BO1 - Set 12,2026-05-14T18:13:46.307Z,2026-05-14T18:19:24.162Z,338,6,loss,lore,1,false,10,20,1315,1302,-13,false,,826AhDXRASRMxNKUkTPEjNKwcEHmnvK3,019dfb2c-c162-73de-9b9c-55862fee65a6,Sapphire/Steel,chaosaces,false,false,Amber/Amethyst,019e27b1-d4c2-779f-946a-052b7371ea77,019e27b1-d4bb-7a5c-b59f-f069f58a4ff0_p1.replay.gz,https://duels.ink/r/019e27b1-d4c2-779f-946a-052b7371ea77,019e27b1-d4bb-7a5c-b59f-f069f58a4ff0,019e27b1-d4bb-7a5c-b59f-f069f58a4ff0.logs.gz,https://duels.ink/g/019e27b1-d4bb-7a5c-b59f-f069f58a4ff0
019e27ae-2289-7c88-aac2-d7d572b7df63,,bo1,,matchmaking,core-bo1,Core Set 12 BO1,true,,Core BO1 - Set 12,2026-05-14T18:09:44.078Z,2026-05-14T18:13:32.066Z,228,7,win,concede,1,false,19,0,1297,1315,18,false,,826AhDXRASRMxNKUkTPEjNKwcEHmnvK3,019dfb2c-c162-73de-9b9c-55862fee65a6,Sapphire/Steel,Goblin,false,false,Emerald/Steel,019e27ae-228d-7545-bc10-f7420c5d0d60,019e27ae-2289-7c88-aac2-d7d572b7df63_p1.replay.gz,https://duels.ink/r/019e27ae-228d-7545-bc10-f7420c5d0d60,019e27ae-2289-7c88-aac2-d7d572b7df63,019e27ae-2289-7c88-aac2-d7d572b7df63.logs.gz,https://duels.ink/g/019e27ae-2289-7c88-aac2-d7d572b7df63
019e27aa-071e-7f09-8cca-e1ece181d040,,bo1,,matchmaking,core-bo1,Core Set 12 BO1,true,,Core BO1 - Set 12,2026-05-14T18:05:14.919Z,2026-05-14T18:09:35.788Z,261,6,win,concede,1,true,18,2,1283,1297,14,false,,826AhDXRASRMxNKUkTPEjNKwcEHmnvK3,019dfb2c-c162-73de-9b9c-55862fee65a6,Sapphire/Steel,123123,false,false,Amber/Emerald,019e27aa-0726-727e-8baa-887bb4d1eda6,019e27aa-071e-7f09-8cca-e1ece181d040_p1.replay.gz,https://duels.ink/r/019e27aa-0726-727e-8baa-887bb4d1eda6,019e27aa-071e-7f09-8cca-e1ece181d040,019e27aa-071e-7f09-8cca-e1ece181d040.logs.gz,https://duels.ink/g/019e27aa-071e-7f09-8cca-e1ece181d040
019e27a2-5c9a-770a-b5ac-373b317411e3,,bo1,,matchmaking,core-bo1,Core Set 12 BO1,true,,Core BO1 - Set 12,2026-05-14T17:56:52.513Z,2026-05-14T18:05:06.094Z,494,12,win,lore,2,false,20,15,1274,1283,9,false,,826AhDXRASRMxNKUkTPEjNKwcEHmnvK3,019dfb2c-c162-73de-9b9c-55862fee65a6,Sapphire/Steel,brTB,false,false,Amethyst/Sapphire,019e27a2-5ca0-7e3a-97fa-b32d56956a08,019e27a2-5c9a-770a-b5ac-373b317411e3_p2.replay.gz,https://duels.ink/r/019e27a2-5ca0-7e3a-97fa-b32d56956a08,019e27a2-5c9a-770a-b5ac-373b317411e3,019e27a2-5c9a-770a-b5ac-373b317411e3.logs.gz,https://duels.ink/g/019e27a2-5c9a-770a-b5ac-373b317411e3
019e279f-d207-7ad5-988e-3b3457c95674,,bo1,,matchmaking,core-bo1,Core Set 12 BO1,true,,Core BO1 - Set 12,2026-05-14T17:54:05.973Z,2026-05-14T17:56:43.824Z,158,5,loss,lore,1,false,6,20,1288,1274,-14,false,,826AhDXRASRMxNKUkTPEjNKwcEHmnvK3,019dfb2c-c162-73de-9b9c-55862fee65a6,Sapphire/Steel,Urza,false,false,Amber/Amethyst,019e279f-d215-795f-a910-025b66a5501f,019e279f-d207-7ad5-988e-3b3457c95674_p1.replay.gz,https://duels.ink/r/019e279f-d215-795f-a910-025b66a5501f,019e279f-d207-7ad5-988e-3b3457c95674,019e279f-d207-7ad5-988e-3b3457c95674.logs.gz,https://duels.ink/g/019e279f-d207-7ad5-988e-3b3457c95674
019e2797-246f-7ae9-a17c-62521f5f20a7,,bo1,,matchmaking,core-bo1,Core Set 12 BO1,true,,Core BO1 - Set 12,2026-05-14T17:44:37.237Z,2026-05-14T17:53:51.812Z,555,12,loss,lore,2,false,19,21,1297,1288,-9,false,,826AhDXRASRMxNKUkTPEjNKwcEHmnvK3,019dfb2c-c162-73de-9b9c-55862fee65a6,Sapphire/Steel,Richteu,false,false,Amber/Steel,019e2797-2474-72e1-96ae-ad1edfd964d0,019e2797-246f-7ae9-a17c-62521f5f20a7_p2.replay.gz,https://duels.ink/r/019e2797-2474-72e1-96ae-ad1edfd964d0,019e2797-246f-7ae9-a17c-62521f5f20a7,019e2797-246f-7ae9-a17c-62521f5f20a7.logs.gz,https://duels.ink/g/019e2797-246f-7ae9-a17c-62521f5f20a7
019e2793-4615-729d-ab13-3fb57b09a35e,,bo1,,matchmaking,core-bo1,Core Set 12 BO1,true,,Core BO1 - Set 12,2026-05-14T17:40:23.714Z,2026-05-14T17:44:27.004Z,243,7,loss,lore,2,false,5,21,1314,1297,-17,false,,826AhDXRASRMxNKUkTPEjNKwcEHmnvK3,019dfb2c-c162-73de-9b9c-55862fee65a6,Sapphire/Steel,schinstockc,false,false,Amber/Emerald,019e2793-4621-7237-9cc3-721802e9a4c5,019e2793-4615-729d-ab13-3fb57b09a35e_p2.replay.gz,https://duels.ink/r/019e2793-4621-7237-9cc3-721802e9a4c5,019e2793-4615-729d-ab13-3fb57b09a35e,019e2793-4615-729d-ab13-3fb57b09a35e.logs.gz,https://duels.ink/g/019e2793-4615-729d-ab13-3fb57b09a35e
019e278b-2c05-7c4a-8365-dfc86aa9c158,,bo1,,matchmaking,core-bo1,Core Set 12 BO1,true,,Core BO1 - Set 12,2026-05-14T17:31:32.748Z,2026-05-14T17:36:50.023Z,317,9,win,concede,2,false,15,0,1296,1314,18,false,,826AhDXRASRMxNKUkTPEjNKwcEHmnvK3,019dfb2c-c162-73de-9b9c-55862fee65a6,Sapphire/Steel,Shoes_GT🤪,false,false,Emerald/Sapphire,019e278b-2c0a-7ef3-8533-b521e087a2d7,019e278b-2c05-7c4a-8365-dfc86aa9c158_p2.replay.gz,https://duels.ink/r/019e278b-2c0a-7ef3-8533-b521e087a2d7,019e278b-2c05-7c4a-8365-dfc86aa9c158,019e278b-2c05-7c4a-8365-dfc86aa9c158.logs.gz,https://duels.ink/g/019e278b-2c05-7c4a-8365-dfc86aa9c158
019e1ea7-0d17-768b-bab7-ad7a9b23b15c,,bo1,,matchmaking,core-bo1,Core Set 12 BO1,true,,Core BO1 - Set 12,2026-05-13T00:05:24.896Z,2026-05-13T00:10:25.685Z,301,8,loss,concede,1,false,6,11,1310,1296,-14,false,,826AhDXRASRMxNKUkTPEjNKwcEHmnvK3,019dfb2c-c162-73de-9b9c-55862fee65a6,Sapphire/Steel,Kmo,false,false,Sapphire/Steel,019e1ea7-0d1f-7777-aa30-4eac610e8532,019e1ea7-0d17-768b-bab7-ad7a9b23b15c_p1.replay.gz,https://duels.ink/r/019e1ea7-0d1f-7777-aa30-4eac610e8532,019e1ea7-0d17-768b-bab7-ad7a9b23b15c,019e1ea7-0d17-768b-bab7-ad7a9b23b15c.logs.gz,https://duels.ink/g/019e1ea7-0d17-768b-bab7-ad7a9b23b15c
019e1ea3-88ca-726e-a7e1-c0b33f5b1820,,bo1,,matchmaking,core-bo1,Core Set 12 BO1,true,,Core BO1 - Set 12,2026-05-13T00:01:34.421Z,2026-05-13T00:05:16.191Z,222,6,win,concede,2,true,12,6,1300,1310,10,false,,826AhDXRASRMxNKUkTPEjNKwcEHmnvK3,019dfb2c-c162-73de-9b9c-55862fee65a6,Sapphire/Steel,geomu,false,false,Amber/Steel,019e1ea3-88d5-7fdd-b622-b8618876d049,019e1ea3-88ca-726e-a7e1-c0b33f5b1820_p2.replay.gz,https://duels.ink/r/019e1ea3-88d5-7fdd-b622-b8618876d049,019e1ea3-88ca-726e-a7e1-c0b33f5b1820,019e1ea3-88ca-726e-a7e1-c0b33f5b1820.logs.gz,https://duels.ink/g/019e1ea3-88ca-726e-a7e1-c0b33f5b1820
019e1e9d-bd62-7749-985c-585cd4409733,,bo1,,matchmaking,core-bo1,Core Set 12 BO1,true,,Core BO1 - Set 12,2026-05-12T23:55:14.677Z,2026-05-13T00:01:23.621Z,369,9,loss,lore,1,false,9,20,1319,1300,-19,false,,826AhDXRASRMxNKUkTPEjNKwcEHmnvK3,019dfb2c-c162-73de-9b9c-55862fee65a6,Sapphire/Steel,Joshsawr,false,false,Amber/Amethyst,019e1e9d-bd74-7260-86ad-653daf7b609d,019e1e9d-bd62-7749-985c-585cd4409733_p1.replay.gz,https://duels.ink/r/019e1e9d-bd74-7260-86ad-653daf7b609d,019e1e9d-bd62-7749-985c-585cd4409733,019e1e9d-bd62-7749-985c-585cd4409733.logs.gz,https://duels.ink/g/019e1e9d-bd62-7749-985c-585cd4409733
019e197e-b8dc-701f-91b7-09a66c767ca8,,bo1,,matchmaking,core-bo1,Core Set 12 BO1,true,,Core BO1 - Set 12,2026-05-12T00:03:15.817Z,2026-05-12T00:11:06.606Z,471,8,win,concede,1,true,18,4,1305,1319,14,false,,826AhDXRASRMxNKUkTPEjNKwcEHmnvK3,019dfb2c-c162-73de-9b9c-55862fee65a6,Sapphire/Steel,Aschente,false,false,Sapphire/Steel,019e197e-b8e8-7b1a-acff-564307f988f8,019e197e-b8dc-701f-91b7-09a66c767ca8_p1.replay.gz,https://duels.ink/r/019e197e-b8e8-7b1a-acff-564307f988f8,019e197e-b8dc-701f-91b7-09a66c767ca8,019e197e-b8dc-701f-91b7-09a66c767ca8.logs.gz,https://duels.ink/g/019e197e-b8dc-701f-91b7-09a66c767ca8
019e1978-b46d-7cf3-bd9a-0afb190e624a,,bo1,,matchmaking,core-bo1,Core Set 12 BO1,true,,Core BO1 - Set 12,2026-05-11T23:56:41.462Z,2026-05-12T00:03:05.715Z,384,7,loss,lore,1,true,10,21,1315,1305,-10,false,,826AhDXRASRMxNKUkTPEjNKwcEHmnvK3,019dfb2c-c162-73de-9b9c-55862fee65a6,Sapphire/Steel,[MGINK]BlackSpar0w,false,false,Amber/Ruby,019e1978-b475-734b-99ab-a29f5044b9dd,019e1978-b46d-7cf3-bd9a-0afb190e624a_p1.replay.gz,https://duels.ink/r/019e1978-b475-734b-99ab-a29f5044b9dd,019e1978-b46d-7cf3-bd9a-0afb190e624a,019e1978-b46d-7cf3-bd9a-0afb190e624a.logs.gz,https://duels.ink/g/019e1978-b46d-7cf3-bd9a-0afb190e624a
019e1972-9134-7604-9454-ce285f57bf2e,,bo1,,matchmaking,core-bo1,Core Set 12 BO1,true,,Core BO1 - Set 12,2026-05-11T23:49:59.228Z,2026-05-11T23:56:22.311Z,383,12,loss,lore,1,true,18,20,1331,1315,-16,false,,826AhDXRASRMxNKUkTPEjNKwcEHmnvK3,019dfb2c-c162-73de-9b9c-55862fee65a6,Sapphire/Steel,Dalcho,false,false,Amber/Sapphire,019e1972-913c-77f6-9e6b-43e292a9b04e,019e1972-9134-7604-9454-ce285f57bf2e_p1.replay.gz,https://duels.ink/r/019e1972-913c-77f6-9e6b-43e292a9b04e,019e1972-9134-7604-9454-ce285f57bf2e,019e1972-9134-7604-9454-ce285f57bf2e.logs.gz,https://duels.ink/g/019e1972-9134-7604-9454-ce285f57bf2e
019e196c-3bd6-7e46-b85e-43d5ca62908f,,bo1,,matchmaking,core-bo1,Core Set 12 BO1,true,,Core BO1 - Set 12,2026-05-11T23:43:04.165Z,2026-05-11T23:49:41.163Z,397,7,win,concede,1,false,11,1,1317,1331,14,false,,826AhDXRASRMxNKUkTPEjNKwcEHmnvK3,019dfb2c-c162-73de-9b9c-55862fee65a6,Sapphire/Steel,cassie ✨,false,false,Amethyst/Steel,019e196c-3be4-7ea2-8742-c6b165e13691,019e196c-3bd6-7e46-b85e-43d5ca62908f_p1.replay.gz,https://duels.ink/r/019e196c-3be4-7ea2-8742-c6b165e13691,019e196c-3bd6-7e46-b85e-43d5ca62908f,019e196c-3bd6-7e46-b85e-43d5ca62908f.logs.gz,https://duels.ink/g/019e196c-3bd6-7e46-b85e-43d5ca62908f
019e18df-02d3-70f3-b09f-7346d23c525f,,bo1,,matchmaking,core-bo1,Core Set 12 BO1,true,,Core BO1 - Set 12,2026-05-11T21:08:48.988Z,2026-05-11T21:14:31.957Z,343,9,loss,lore,2,false,17,20,1336,1317,-19,false,,826AhDXRASRMxNKUkTPEjNKwcEHmnvK3,019dfb2c-c162-73de-9b9c-55862fee65a6,Sapphire/Steel,RocketWolf_GCG,false,false,Amber/Steel,019e18df-02dc-76c6-b122-4c54647ac4ed,019e18df-02d3-70f3-b09f-7346d23c525f_p2.replay.gz,https://duels.ink/r/019e18df-02dc-76c6-b122-4c54647ac4ed,019e18df-02d3-70f3-b09f-7346d23c525f,019e18df-02d3-70f3-b09f-7346d23c525f.logs.gz,https://duels.ink/g/019e18df-02d3-70f3-b09f-7346d23c525f
019e1825-3db3-7961-b13a-19f6941b0ef3,,bo1,,matchmaking,core-bo1,Core Set 12 BO1,true,,Core BO1 - Set 12,2026-05-11T17:45:54.365Z,2026-05-11T17:52:30.921Z,397,8,win,concede,1,true,18,2,1318,1336,18,false,,826AhDXRASRMxNKUkTPEjNKwcEHmnvK3,019dfb2c-c162-73de-9b9c-55862fee65a6,Sapphire/Steel,Spoopmasta,false,false,Amber/Sapphire,019e1825-3dbc-701f-a840-c71bb9f4d25d,019e1825-3db3-7961-b13a-19f6941b0ef3_p1.replay.gz,https://duels.ink/r/019e1825-3dbc-701f-a840-c71bb9f4d25d,019e1825-3db3-7961-b13a-19f6941b0ef3,019e1825-3db3-7961-b13a-19f6941b0ef3.logs.gz,https://duels.ink/g/019e1825-3db3-7961-b13a-19f6941b0ef3
019e1820-6dfd-7fb2-8f1f-559b603bb257,,bo1,,matchmaking,core-bo1,Core Set 12 BO1,true,,Core BO1 - Set 12,2026-05-11T17:40:39.055Z,2026-05-11T17:45:39.957Z,301,8,win,lore,1,true,21,0,1302,1318,16,false,,826AhDXRASRMxNKUkTPEjNKwcEHmnvK3,019dfb2c-c162-73de-9b9c-55862fee65a6,Sapphire/Steel,Jazzware,false,false,Amethyst/Sapphire,019e1820-6e0d-75ff-b872-7dc902e24d92,019e1820-6dfd-7fb2-8f1f-559b603bb257_p1.replay.gz,https://duels.ink/r/019e1820-6e0d-75ff-b872-7dc902e24d92,019e1820-6dfd-7fb2-8f1f-559b603bb257,019e1820-6dfd-7fb2-8f1f-559b603bb257.logs.gz,https://duels.ink/g/019e1820-6dfd-7fb2-8f1f-559b603bb257
019e181b-7f78-71d7-8c8e-e3c0f56400ac,,bo1,,matchmaking,core-bo1,Core Set 12 BO1,true,,Core BO1 - Set 12,2026-05-11T17:35:15.837Z,2026-05-11T17:40:21.272Z,305,7,win,lore,2,false,21,2,1284,1302,18,false,,826AhDXRASRMxNKUkTPEjNKwcEHmnvK3,019dfb2c-c162-73de-9b9c-55862fee65a6,Sapphire/Steel,Erik,false,false,Sapphire/Steel,019e181b-7f7c-71ed-aeb4-b543647ae72c,019e181b-7f78-71d7-8c8e-e3c0f56400ac_p2.replay.gz,https://duels.ink/r/019e181b-7f7c-71ed-aeb4-b543647ae72c,019e181b-7f78-71d7-8c8e-e3c0f56400ac,019e181b-7f78-71d7-8c8e-e3c0f56400ac.logs.gz,https://duels.ink/g/019e181b-7f78-71d7-8c8e-e3c0f56400ac
019e1816-130b-7feb-aa2b-375ebe5eff74,,bo1,,matchmaking,core-bo1,Core Set 12 BO1,true,,Core BO1 - Set 12,2026-05-11T17:29:20.404Z,2026-05-11T17:35:08.724Z,348,7,loss,lore,1,true,16,21,1308,1284,-24,false,,826AhDXRASRMxNKUkTPEjNKwcEHmnvK3,019dfb2c-c162-73de-9b9c-55862fee65a6,Sapphire/Steel,IVKR_Esquimaux,false,false,Amber/Emerald,019e1816-1313-73dd-9794-539019d6f492,019e1816-130b-7feb-aa2b-375ebe5eff74_p1.replay.gz,https://duels.ink/r/019e1816-1313-73dd-9794-539019d6f492,019e1816-130b-7feb-aa2b-375ebe5eff74,019e1816-130b-7feb-aa2b-375ebe5eff74.logs.gz,https://duels.ink/g/019e1816-130b-7feb-aa2b-375ebe5eff74
019e17c9-d195-78e6-b05c-f63764c168fa,,bo1,,matchmaking,core-bo1,Core Set 12 BO1,true,,Core BO1 - Set 12,2026-05-11T16:06:02.906Z,2026-05-11T16:10:02.562Z,240,7,win,lore,2,false,20,6,1295,1308,13,false,,826AhDXRASRMxNKUkTPEjNKwcEHmnvK3,019dfb2c-c162-73de-9b9c-55862fee65a6,Sapphire/Steel,Juasmas,false,false,Amber/Ruby,019e17c9-d19a-7144-9eb6-9564c9757ea1,019e17c9-d195-78e6-b05c-f63764c168fa_p2.replay.gz,https://duels.ink/r/019e17c9-d19a-7144-9eb6-9564c9757ea1,019e17c9-d195-78e6-b05c-f63764c168fa,019e17c9-d195-78e6-b05c-f63764c168fa.logs.gz,https://duels.ink/g/019e17c9-d195-78e6-b05c-f63764c168fa
019e17c5-abfc-776f-9e6a-0cbc4980105b,,bo1,,matchmaking,core-bo1,Core Set 12 BO1,true,,Core BO1 - Set 12,2026-05-11T16:01:31.145Z,2026-05-11T16:05:55.154Z,264,9,loss,lore,2,false,10,21,1311,1295,-16,false,,826AhDXRASRMxNKUkTPEjNKwcEHmnvK3,019dfb2c-c162-73de-9b9c-55862fee65a6,Sapphire/Steel,AiJia,false,false,Emerald/Sapphire,019e17c5-ac09-7415-9510-af800ab68858,019e17c5-abfc-776f-9e6a-0cbc4980105b_p2.replay.gz,https://duels.ink/r/019e17c5-ac09-7415-9510-af800ab68858,019e17c5-abfc-776f-9e6a-0cbc4980105b,019e17c5-abfc-776f-9e6a-0cbc4980105b.logs.gz,https://duels.ink/g/019e17c5-abfc-776f-9e6a-0cbc4980105b
019e17c3-8aa9-76ee-b595-11616c5159a2,,bo1,,matchmaking,core-bo1,Core Set 12 BO1,true,,Core BO1 - Set 12,2026-05-11T15:59:11.538Z,2026-05-11T16:01:16.603Z,125,6,win,concede,1,false,7,0,1288,1311,23,false,,826AhDXRASRMxNKUkTPEjNKwcEHmnvK3,019dfb2c-c162-73de-9b9c-55862fee65a6,Sapphire/Steel,Karapeuprès,false,false,Amber/Steel,019e17c3-8ab1-7a43-bd14-87e5180c7c47,019e17c3-8aa9-76ee-b595-11616c5159a2_p1.replay.gz,https://duels.ink/r/019e17c3-8ab1-7a43-bd14-87e5180c7c47,019e17c3-8aa9-76ee-b595-11616c5159a2,019e17c3-8aa9-76ee-b595-11616c5159a2.logs.gz,https://duels.ink/g/019e17c3-8aa9-76ee-b595-11616c5159a2
019e17bf-8329-7f36-aaf1-617cd7ecc503,,bo1,,matchmaking,core-bo1,Core Set 12 BO1,true,,Core BO1 - Set 12,2026-05-11T15:54:47.470Z,2026-05-11T15:59:01.079Z,254,8,loss,lore,2,true,11,21,1308,1288,-20,false,,826AhDXRASRMxNKUkTPEjNKwcEHmnvK3,019dfb2c-c162-73de-9b9c-55862fee65a6,Sapphire/Steel,MDP_IvanRodriguez,false,false,Amber/Emerald,019e17bf-832e-7d3d-a1e5-5cbb6ab2f7e4,019e17bf-8329-7f36-aaf1-617cd7ecc503_p2.replay.gz,https://duels.ink/r/019e17bf-832e-7d3d-a1e5-5cbb6ab2f7e4,019e17bf-8329-7f36-aaf1-617cd7ecc503,019e17bf-8329-7f36-aaf1-617cd7ecc503.logs.gz,https://duels.ink/g/019e17bf-8329-7f36-aaf1-617cd7ecc503
019e17a7-c970-77e6-885e-80f0d8cce306,,bo1,,matchmaking,core-bo1,Core Set 12 BO1,true,,Core BO1 - Set 12,2026-05-11T15:28:52.602Z,2026-05-11T15:39:51.831Z,659,13,win,lore,2,true,20,14,1283,1308,25,false,,826AhDXRASRMxNKUkTPEjNKwcEHmnvK3,019dfb2c-c162-73de-9b9c-55862fee65a6,Sapphire/Steel,Rafiki,false,false,Amber/Ruby,019e17a7-c97a-7b5b-ac66-662f9c3c817d,019e17a7-c970-77e6-885e-80f0d8cce306_p2.replay.gz,https://duels.ink/r/019e17a7-c97a-7b5b-ac66-662f9c3c817d,019e17a7-c970-77e6-885e-80f0d8cce306,019e17a7-c970-77e6-885e-80f0d8cce306.logs.gz,https://duels.ink/g/019e17a7-c970-77e6-885e-80f0d8cce306
019e17a5-8e9c-72e8-8a80-429f3e39e2ca,,bo1,,matchmaking,core-bo1,Core Set 12 BO1,true,,Core BO1 - Set 12,2026-05-11T15:26:26.467Z,2026-05-11T15:28:26.556Z,120,7,win,lore,1,false,21,8,1261,1283,22,false,,826AhDXRASRMxNKUkTPEjNKwcEHmnvK3,019dfb2c-c162-73de-9b9c-55862fee65a6,Sapphire/Steel,WormJD,false,false,Amber/Sapphire,019e17a5-8ea3-7d5d-96e0-76a6641cd68e,019e17a5-8e9c-72e8-8a80-429f3e39e2ca_p1.replay.gz,https://duels.ink/r/019e17a5-8ea3-7d5d-96e0-76a6641cd68e,019e17a5-8e9c-72e8-8a80-429f3e39e2ca,019e17a5-8e9c-72e8-8a80-429f3e39e2ca.logs.gz,https://duels.ink/g/019e17a5-8e9c-72e8-8a80-429f3e39e2ca
019e17a4-2237-7035-b3c7-6622e704a0b9,,bo1,,matchmaking,core-bo1,Core Set 12 BO1,true,,Core BO1 - Set 12,2026-05-11T15:24:53.186Z,2026-05-11T15:26:15.247Z,82,4,win,concede,2,true,5,1,1234,1261,27,false,,826AhDXRASRMxNKUkTPEjNKwcEHmnvK3,019dfb2c-c162-73de-9b9c-55862fee65a6,Sapphire/Steel,jtjerzey5,false,false,Sapphire/Steel,019e17a4-2240-7663-a49e-8d09636172f9,019e17a4-2237-7035-b3c7-6622e704a0b9_p2.replay.gz,https://duels.ink/r/019e17a4-2240-7663-a49e-8d09636172f9,019e17a4-2237-7035-b3c7-6622e704a0b9,019e17a4-2237-7035-b3c7-6622e704a0b9.logs.gz,https://duels.ink/g/019e17a4-2237-7035-b3c7-6622e704a0b9
019e179e-bf3b-78b3-9634-e9acb3c24b19,,bo1,,matchmaking,core-bo1,Core Set 12 BO1,true,,Core BO1 - Set 12,2026-05-11T15:19:00.160Z,2026-05-11T15:24:15.190Z,315,10,win,lore,1,false,20,19,1215,1234,19,false,,826AhDXRASRMxNKUkTPEjNKwcEHmnvK3,019dfb2c-c162-73de-9b9c-55862fee65a6,Sapphire/Steel,FP-Moumousse,false,false,Amethyst/Steel,019e179e-bf40-7ade-aeb0-d355171064c3,019e179e-bf3b-78b3-9634-e9acb3c24b19_p1.replay.gz,https://duels.ink/r/019e179e-bf40-7ade-aeb0-d355171064c3,019e179e-bf3b-78b3-9634-e9acb3c24b19,019e179e-bf3b-78b3-9634-e9acb3c24b19.logs.gz,https://duels.ink/g/019e179e-bf3b-78b3-9634-e9acb3c24b19
019e179b-0eda-7a1d-8b3e-cebc3037fe84,,bo1,,matchmaking,core-bo1,Core Set 12 BO1,true,,Core BO1 - Set 12,2026-05-11T15:14:58.424Z,2026-05-11T15:18:46.287Z,228,7,loss,lore,1,false,4,20,1222,1215,-7,false,,826AhDXRASRMxNKUkTPEjNKwcEHmnvK3,019dfb2c-c162-73de-9b9c-55862fee65a6,Sapphire/Steel,RHS_Mrsilat,false,false,Amethyst/Steel,019e179b-0ef8-7be2-8182-d6d0973519c7,019e179b-0eda-7a1d-8b3e-cebc3037fe84_p1.replay.gz,https://duels.ink/r/019e179b-0ef8-7be2-8182-d6d0973519c7,019e179b-0eda-7a1d-8b3e-cebc3037fe84,019e179b-0eda-7a1d-8b3e-cebc3037fe84.logs.gz,https://duels.ink/g/019e179b-0eda-7a1d-8b3e-cebc3037fe84
019e14e4-8604-76d2-996c-6b5985418d91,,bo1,,matchmaking,core-bo1,Core Set 12 BO1,true,,Core BO1 - Set 12,2026-05-11T02:36:21.392Z,2026-05-11T02:45:04.339Z,523,7,win,concede,2,true,18,11,1217,1222,5,false,,826AhDXRASRMxNKUkTPEjNKwcEHmnvK3,019dfb2c-c162-73de-9b9c-55862fee65a6,Sapphire/Steel,Matthew Anthony,false,false,Amethyst/Steel,019e14e4-860f-7441-bfe4-af688b42e3d7,019e14e4-8604-76d2-996c-6b5985418d91_p2.replay.gz,https://duels.ink/r/019e14e4-860f-7441-bfe4-af688b42e3d7,019e14e4-8604-76d2-996c-6b5985418d91,019e14e4-8604-76d2-996c-6b5985418d91.logs.gz,https://duels.ink/g/019e14e4-8604-76d2-996c-6b5985418d91
019e14e0-c9fb-70ad-bb6b-e85049acf8a2,,bo1,,matchmaking,core-bo1,Core Set 12 BO1,true,,Core BO1 - Set 12,2026-05-11T02:32:16.642Z,2026-05-11T02:35:54.377Z,218,7,win,concede,2,true,17,1,1207,1217,10,false,,826AhDXRASRMxNKUkTPEjNKwcEHmnvK3,019dfb2c-c162-73de-9b9c-55862fee65a6,Sapphire/Steel,Arkanay,false,false,Emerald/Steel,019e14e0-ca01-7958-bfd6-b41f7530187a,019e14e0-c9fb-70ad-bb6b-e85049acf8a2_p2.replay.gz,https://duels.ink/r/019e14e0-ca01-7958-bfd6-b41f7530187a,019e14e0-c9fb-70ad-bb6b-e85049acf8a2,019e14e0-c9fb-70ad-bb6b-e85049acf8a2.logs.gz,https://duels.ink/g/019e14e0-c9fb-70ad-bb6b-e85049acf8a2
019e14db-2e5b-7488-b226-70f2f15e9813,,bo1,,matchmaking,core-bo1,Core Set 12 BO1,true,,Core BO1 - Set 12,2026-05-11T02:26:09.122Z,2026-05-11T02:32:07.115Z,358,9,loss,lore,2,false,12,20,1239,1207,-32,false,,826AhDXRASRMxNKUkTPEjNKwcEHmnvK3,019dfb2c-c162-73de-9b9c-55862fee65a6,Sapphire/Steel,BobbyLoveElsa,false,false,Emerald/Ruby,019e14db-2e61-753e-86f5-93f8103ce79e,019e14db-2e5b-7488-b226-70f2f15e9813_p2.replay.gz,https://duels.ink/r/019e14db-2e61-753e-86f5-93f8103ce79e,019e14db-2e5b-7488-b226-70f2f15e9813,019e14db-2e5b-7488-b226-70f2f15e9813.logs.gz,https://duels.ink/g/019e14db-2e5b-7488-b226-70f2f15e9813
019e14d4-ce02-7176-a898-7124718c1aa8,,bo1,,matchmaking,core-bo1,Core Set 12 BO1,true,,Core BO1 - Set 12,2026-05-11T02:19:11.250Z,2026-05-11T02:25:40.342Z,389,9,loss,lore,1,false,11,20,1251,1239,-12,false,,826AhDXRASRMxNKUkTPEjNKwcEHmnvK3,019dfb2c-c162-73de-9b9c-55862fee65a6,Sapphire/Steel,[BRG] OrangeMonarch18,false,false,Amethyst/Sapphire,019e14d4-ce11-713c-a09a-84150450e0ee,019e14d4-ce02-7176-a898-7124718c1aa8_p1.replay.gz,https://duels.ink/r/019e14d4-ce11-713c-a09a-84150450e0ee,019e14d4-ce02-7176-a898-7124718c1aa8,019e14d4-ce02-7176-a898-7124718c1aa8.logs.gz,https://duels.ink/g/019e14d4-ce02-7176-a898-7124718c1aa8
019e098d-4450-7a09-8c95-c8dc719d6170,,bo1,,matchmaking,core-bo1,Core Set 12 BO1,true,,Core BO1 - Set 12,2026-05-08T21:45:13.575Z,2026-05-08T21:59:01.357Z,828,14,win,lore,1,false,21,10,1230,1251,21,false,,826AhDXRASRMxNKUkTPEjNKwcEHmnvK3,019dfb2c-c162-73de-9b9c-55862fee65a6,Sapphire/Steel,Jasw18,false,false,Amethyst/Ruby,019e098d-4465-7eb1-a3b3-dc60215e2bb8,019e098d-4450-7a09-8c95-c8dc719d6170_p1.replay.gz,https://duels.ink/r/019e098d-4465-7eb1-a3b3-dc60215e2bb8,019e098d-4450-7a09-8c95-c8dc719d6170,019e098d-4450-7a09-8c95-c8dc719d6170.logs.gz,https://duels.ink/g/019e098d-4450-7a09-8c95-c8dc719d6170
019e0832-adb8-7201-8fb6-eaccd80016ee,,bo1,,matchmaking,core-bo1,Core Set 12 BO1,true,,Core BO1 - Set 12,2026-05-08T15:26:39.550Z,2026-05-08T15:36:10.473Z,571,6,win,concede,1,true,18,2,1206,1230,24,false,,826AhDXRASRMxNKUkTPEjNKwcEHmnvK3,019dfb2c-c162-73de-9b9c-55862fee65a6,Sapphire/Steel,Albynno,false,false,Amber/Steel,019e0832-adbd-7615-bdab-8a20ec98b224,019e0832-adb8-7201-8fb6-eaccd80016ee_p1.replay.gz,https://duels.ink/r/019e0832-adbd-7615-bdab-8a20ec98b224,019e0832-adb8-7201-8fb6-eaccd80016ee,019e0832-adb8-7201-8fb6-eaccd80016ee.logs.gz,https://duels.ink/g/019e0832-adb8-7201-8fb6-eaccd80016ee
019e078d-c68a-784c-b984-afb16d97130a,,bo1,,matchmaking,core-bo1,Core Set 12 BO1,true,,Core BO1 - Set 12,2026-05-08T12:26:32.464Z,2026-05-08T12:30:40.854Z,248,7,win,concede,2,false,14,0,1165,1206,41,false,,826AhDXRASRMxNKUkTPEjNKwcEHmnvK3,019dfb2c-c162-73de-9b9c-55862fee65a6,Sapphire/Steel,[LTL] JUANN,false,false,Emerald/Sapphire,019e078d-c68f-764e-b1f1-92e6380ce1e2,019e078d-c68a-784c-b984-afb16d97130a_p2.replay.gz,https://duels.ink/r/019e078d-c68f-764e-b1f1-92e6380ce1e2,019e078d-c68a-784c-b984-afb16d97130a,019e078d-c68a-784c-b984-afb16d97130a.logs.gz,https://duels.ink/g/019e078d-c68a-784c-b984-afb16d97130a
019e0719-76a9-7c92-8506-c8ca794ed940,,bo1,,matchmaking,core-bo1,Core Set 12 BO1,true,,Core BO1 - Set 12,2026-05-08T10:19:29.844Z,2026-05-08T10:25:19.145Z,349,7,win,lore,2,true,21,1,1139,1165,26,false,,826AhDXRASRMxNKUkTPEjNKwcEHmnvK3,019dfb2c-c162-73de-9b9c-55862fee65a6,Sapphire/Steel,Jokalizu,false,false,Amber/Ruby,019e0719-76b3-7ef1-82fd-201c0241e81a,019e0719-76a9-7c92-8506-c8ca794ed940_p2.replay.gz,https://duels.ink/r/019e0719-76b3-7ef1-82fd-201c0241e81a,019e0719-76a9-7c92-8506-c8ca794ed940,019e0719-76a9-7c92-8506-c8ca794ed940.logs.gz,https://duels.ink/g/019e0719-76a9-7c92-8506-c8ca794ed940
019e0515-3bea-7ad2-b881-c39ba1935c08,,bo1,,matchmaking,quick-play,Quick Play: Core BO1,false,,Quick Play: Core BO1,2026-05-08T00:55:38.233Z,2026-05-08T01:10:09.560Z,871,16,win,concede,2,true,16,14,,,,false,,826AhDXRASRMxNKUkTPEjNKwcEHmnvK3,019e050f-8523-7cdc-a8a6-1e804bae41cc,Sapphire/Steel,Nova,false,false,Amber/Ruby,019e0515-3bf8-7e12-9fbc-2f5ad5a4fd8e,019e0515-3bea-7ad2-b881-c39ba1935c08_p2.replay.gz,https://duels.ink/r/019e0515-3bf8-7e12-9fbc-2f5ad5a4fd8e,019e0515-3bea-7ad2-b881-c39ba1935c08,019e0515-3bea-7ad2-b881-c39ba1935c08.logs.gz,https://duels.ink/g/019e0515-3bea-7ad2-b881-c39ba1935c08
019e0510-3b9f-712a-b48b-4f1444e85916,,bo1,,matchmaking,quick-play,Quick Play: Core BO1,false,,Quick Play: Core BO1,2026-05-08T00:50:10.474Z,2026-05-08T00:55:28.973Z,318,6,win,concede,1,false,4,4,,,,false,,826AhDXRASRMxNKUkTPEjNKwcEHmnvK3,019e050f-8523-7cdc-a8a6-1e804bae41cc,Sapphire/Steel,Andromedus,false,false,Emerald/Sapphire,019e0510-3ba9-7d53-b9db-cd82a6de75fd,019e0510-3b9f-712a-b48b-4f1444e85916_p1.replay.gz,https://duels.ink/r/019e0510-3ba9-7d53-b9db-cd82a6de75fd,019e0510-3b9f-712a-b48b-4f1444e85916,019e0510-3b9f-712a-b48b-4f1444e85916.logs.gz,https://duels.ink/g/019e0510-3b9f-712a-b48b-4f1444e85916
019e04a4-890f-7c41-ae22-53e00d0514ce,,bo1,,matchmaking,quick-play-core-set12,Quick Play: Core + Set 12 (BETA),false,,,2026-05-07T22:52:32.413Z,2026-05-07T23:02:06.151Z,574,10,win,concede,2,false,14,1,,,,false,,826AhDXRASRMxNKUkTPEjNKwcEHmnvK3,019e047e-4334-73b1-a4c4-ae831e2fa6fe,Amber/Amethyst,Delirium,false,false,Sapphire/Steel,019e04a4-891c-79a5-9fe9-a1eff6212109,019e04a4-890f-7c41-ae22-53e00d0514ce_p2.replay.gz,https://duels.ink/r/019e04a4-891c-79a5-9fe9-a1eff6212109,019e04a4-890f-7c41-ae22-53e00d0514ce,019e04a4-890f-7c41-ae22-53e00d0514ce.logs.gz,https://duels.ink/g/019e04a4-890f-7c41-ae22-53e00d0514ce
019e049f-c68b-7843-b9cc-2c971088eb6b,,bo1,,matchmaking,quick-play-core-set12,Quick Play: Core + Set 12 (BETA),false,,,2026-05-07T22:47:20.470Z,2026-05-07T22:52:18.228Z,298,7,loss,lore,2,false,3,20,,,,false,,826AhDXRASRMxNKUkTPEjNKwcEHmnvK3,019e047e-4334-73b1-a4c4-ae831e2fa6fe,Amber/Amethyst,turtle,false,false,Amber/Emerald,019e049f-c694-7a91-b1ef-603c4f6e7d46,019e049f-c68b-7843-b9cc-2c971088eb6b_p2.replay.gz,https://duels.ink/r/019e049f-c694-7a91-b1ef-603c4f6e7d46,019e049f-c68b-7843-b9cc-2c971088eb6b,019e049f-c68b-7843-b9cc-2c971088eb6b.logs.gz,https://duels.ink/g/019e049f-c68b-7843-b9cc-2c971088eb6b
019e0484-7aa2-7bf3-9f37-a69e01e1b3a9,,bo1,,matchmaking,quick-play-core-set12,Quick Play: Core + Set 12 (BETA),false,,,2026-05-07T22:17:31.566Z,2026-05-07T22:23:40.018Z,368,9,win,concede,2,true,16,7,,,,false,,826AhDXRASRMxNKUkTPEjNKwcEHmnvK3,019e047e-4334-73b1-a4c4-ae831e2fa6fe,Amber/Amethyst,Guinbo,false,false,Amber/Emerald,019e0484-7aad-7412-a441-69ff8cb09842,019e0484-7aa2-7bf3-9f37-a69e01e1b3a9_p2.replay.gz,https://duels.ink/r/019e0484-7aad-7412-a441-69ff8cb09842,019e0484-7aa2-7bf3-9f37-a69e01e1b3a9,019e0484-7aa2-7bf3-9f37-a69e01e1b3a9.logs.gz,https://duels.ink/g/019e0484-7aa2-7bf3-9f37-a69e01e1b3a9
019e047e-aa2b-742f-92d4-9f6035f2c522,,bo1,,matchmaking,quick-play-core-set12,Quick Play: Core + Set 12 (BETA),false,,,2026-05-07T22:11:10.523Z,2026-05-07T22:17:24.014Z,373,10,loss,lore,2,true,9,20,,,,false,,826AhDXRASRMxNKUkTPEjNKwcEHmnvK3,ephemeral-lastused-1778191864976,Amber/Amethyst,Stavenson,false,false,Ruby/Sapphire,019e047e-aa39-7e68-ac09-521dcc073056,019e047e-aa2b-742f-92d4-9f6035f2c522_p2.replay.gz,https://duels.ink/r/019e047e-aa39-7e68-ac09-521dcc073056,019e047e-aa2b-742f-92d4-9f6035f2c522,019e047e-aa2b-742f-92d4-9f6035f2c522.logs.gz,https://duels.ink/g/019e047e-aa2b-742f-92d4-9f6035f2c522
019e0472-0cdf-7a44-8aad-596957cf512c,,bo1,,matchmaking,quick-play-core-set12,Quick Play: Core + Set 12 (BETA),false,,,2026-05-07T21:57:23.820Z,2026-05-07T22:03:31.437Z,368,8,loss,lore,2,false,6,20,,,,false,,826AhDXRASRMxNKUkTPEjNKwcEHmnvK3,019dfb59-0b58-74d8-bea7-3acf09c03f42,Amethyst/Steel,Knight,false,false,Amber/Amethyst,019e0472-0ceb-72b7-9d9f-d3c7f356fc75,019e0472-0cdf-7a44-8aad-596957cf512c_p2.replay.gz,https://duels.ink/r/019e0472-0ceb-72b7-9d9f-d3c7f356fc75,019e0472-0cdf-7a44-8aad-596957cf512c,019e0472-0cdf-7a44-8aad-596957cf512c.logs.gz,https://duels.ink/g/019e0472-0cdf-7a44-8aad-596957cf512c
019e042b-2397-73e2-b8fa-5d8027da3948,,bo1,,matchmaking,quick-play-core-set12,Quick Play: Core + Set 12 (BETA),false,,,2026-05-07T20:39:56.578Z,2026-05-07T20:46:03.148Z,367,8,win,concede,2,true,15,3,,,,false,,826AhDXRASRMxNKUkTPEjNKwcEHmnvK3,019dfb2c-c162-73de-9b9c-55862fee65a6,Sapphire/Steel,AllTwiX,false,false,Amber/Ruby,019e042b-23a1-70a1-8ea7-84a0662b5626,019e042b-2397-73e2-b8fa-5d8027da3948_p2.replay.gz,https://duels.ink/r/019e042b-23a1-70a1-8ea7-84a0662b5626,019e042b-2397-73e2-b8fa-5d8027da3948,019e042b-2397-73e2-b8fa-5d8027da3948.logs.gz,https://duels.ink/g/019e042b-2397-73e2-b8fa-5d8027da3948
019e0425-cb48-7d3f-b912-b317c8e9b152,,bo1,,matchmaking,quick-play-core-set12,Quick Play: Core + Set 12 (BETA),false,,,2026-05-07T20:34:06.290Z,2026-05-07T20:39:43.981Z,338,7,loss,lore,1,false,8,21,,,,false,,826AhDXRASRMxNKUkTPEjNKwcEHmnvK3,019dfb2c-c162-73de-9b9c-55862fee65a6,Sapphire/Steel,Boke,false,false,Amber/Emerald,019e0425-cb51-72a4-a67b-8f4eac30b4bd,019e0425-cb48-7d3f-b912-b317c8e9b152_p1.replay.gz,https://duels.ink/r/019e0425-cb51-72a4-a67b-8f4eac30b4bd,019e0425-cb48-7d3f-b912-b317c8e9b152,019e0425-cb48-7d3f-b912-b317c8e9b152.logs.gz,https://duels.ink/g/019e0425-cb48-7d3f-b912-b317c8e9b152
019e041f-be2c-72dd-916d-dea8401e6d70,,bo1,,matchmaking,quick-play-core-set12,Quick Play: Core + Set 12 (BETA),false,,,2026-05-07T20:27:29.718Z,2026-05-07T20:33:50.712Z,381,9,loss,lore,1,true,11,21,,,,false,,826AhDXRASRMxNKUkTPEjNKwcEHmnvK3,019dfb2c-c162-73de-9b9c-55862fee65a6,Sapphire/Steel,Dawcana,false,false,Emerald/Sapphire,019e041f-be35-7826-9ce2-bdffe5fa2252,019e041f-be2c-72dd-916d-dea8401e6d70_p1.replay.gz,https://duels.ink/r/019e041f-be35-7826-9ce2-bdffe5fa2252,019e041f-be2c-72dd-916d-dea8401e6d70,019e041f-be2c-72dd-916d-dea8401e6d70.logs.gz,https://duels.ink/g/019e041f-be2c-72dd-916d-dea8401e6d70
019e0409-528d-7da3-9abf-1c184f9a247d,,bo1,,matchmaking,pack-rush-set12,Pack Rush,false,,,2026-05-07T20:03:00.389Z,2026-05-07T20:11:34.668Z,514,8,win,concede,2,false,11,2,,,,false,,826AhDXRASRMxNKUkTPEjNKwcEHmnvK3,019dfb2c-c162-73de-9b9c-55862fee65a6,Amber/Amethyst/Emerald/Ruby/Sapphire/Steel,dany,false,false,Amber/Amethyst/Emerald/Ruby/Sapphire/Steel,019e0409-52a4-7aaa-8abb-a73b0a43115f,019e0409-528d-7da3-9abf-1c184f9a247d_p2.replay.gz,https://duels.ink/r/019e0409-52a4-7aaa-8abb-a73b0a43115f,019e0409-528d-7da3-9abf-1c184f9a247d,019e0409-528d-7da3-9abf-1c184f9a247d.logs.gz,https://duels.ink/g/019e0409-528d-7da3-9abf-1c184f9a247d
019e03ff-f78a-768d-bdb4-e357f81cb18d,,bo1,,matchmaking,quick-play-core-set12,Quick Play: Core + Set 12 (BETA),false,,,2026-05-07T19:52:47.250Z,2026-05-07T19:58:48.802Z,362,6,win,concede,2,false,14,0,,,,false,,826AhDXRASRMxNKUkTPEjNKwcEHmnvK3,019dfb2c-c162-73de-9b9c-55862fee65a6,Sapphire/Steel,El Tigre Mucho,false,false,Amber/Emerald,019e03ff-f792-7844-981d-340f39fa6b89,019e03ff-f78a-768d-bdb4-e357f81cb18d_p2.replay.gz,https://duels.ink/r/019e03ff-f792-7844-981d-340f39fa6b89,019e03ff-f78a-768d-bdb4-e357f81cb18d,019e03ff-f78a-768d-bdb4-e357f81cb18d.logs.gz,https://duels.ink/g/019e03ff-f78a-768d-bdb4-e357f81cb18d
019e02e5-3c6f-7625-b039-5592b04a17dd,,bo1,,matchmaking,quick-play-core-set12,Quick Play: Core + Set 12 (BETA),false,,,2026-05-07T14:43:58.199Z,2026-05-07T14:48:33.763Z,276,10,win,concede,1,false,18,3,,,,false,,826AhDXRASRMxNKUkTPEjNKwcEHmnvK3,019dfb2c-c162-73de-9b9c-55862fee65a6,Sapphire/Steel,Captain Inkswell,false,false,Amber/Sapphire,019e02e5-3c76-78f9-a4f2-60c77f1daf9d,019e02e5-3c6f-7625-b039-5592b04a17dd_p1.replay.gz,https://duels.ink/r/019e02e5-3c76-78f9-a4f2-60c77f1daf9d,019e02e5-3c6f-7625-b039-5592b04a17dd,019e02e5-3c6f-7625-b039-5592b04a17dd.logs.gz,https://duels.ink/g/019e02e5-3c6f-7625-b039-5592b04a17dd
019e02db-45bf-7bfb-822c-ef5c36691d73,,bo1,,matchmaking,quick-play-core-set12,Quick Play: Core + Set 12 (BETA),false,,,2026-05-07T14:33:05.233Z,2026-05-07T14:41:20.009Z,495,11,win,concede,1,false,19,12,,,,false,,826AhDXRASRMxNKUkTPEjNKwcEHmnvK3,019dfb2c-c162-73de-9b9c-55862fee65a6,Sapphire/Steel,toto50,false,false,Amber/Amethyst,019e02db-45d0-768f-8930-3a3521e79aa4,019e02db-45bf-7bfb-822c-ef5c36691d73_p1.replay.gz,https://duels.ink/r/019e02db-45d0-768f-8930-3a3521e79aa4,019e02db-45bf-7bfb-822c-ef5c36691d73,019e02db-45bf-7bfb-822c-ef5c36691d73.logs.gz,https://duels.ink/g/019e02db-45bf-7bfb-822c-ef5c36691d73
019dffc5-fceb-78cf-9566-5babdf3f797c,,bo1,,matchmaking,quick-play-core-set12,Quick Play: Core + Set 12 (BETA),false,,,2026-05-07T00:10:58.686Z,2026-05-07T00:19:16.826Z,498,11,win,concede,2,false,17,1,,,,false,,826AhDXRASRMxNKUkTPEjNKwcEHmnvK3,019dfb2c-c162-73de-9b9c-55862fee65a6,Sapphire/Steel,WormJD,false,false,Amethyst/Sapphire,019dffc5-fcfd-703d-8a3d-ec52e770a554,019dffc5-fceb-78cf-9566-5babdf3f797c_p2.replay.gz,https://duels.ink/r/019dffc5-fcfd-703d-8a3d-ec52e770a554,019dffc5-fceb-78cf-9566-5babdf3f797c,019dffc5-fceb-78cf-9566-5babdf3f797c.logs.gz,https://duels.ink/g/019dffc5-fceb-78cf-9566-5babdf3f797c
019dff1a-70e6-7ef8-ba93-63d87d81d1b8,,bo1,,matchmaking,quick-play-core-set12,Quick Play: Core + Set 12 (BETA),false,,,2026-05-06T21:03:36.177Z,2026-05-06T21:09:06.161Z,330,8,win,concede,1,true,19,7,,,,false,,826AhDXRASRMxNKUkTPEjNKwcEHmnvK3,019dfb2c-c162-73de-9b9c-55862fee65a6,Sapphire/Steel,LukeDelaney,false,false,Amber/Steel,019dff1a-70f0-7116-a383-0d4439c693cc,019dff1a-70e6-7ef8-ba93-63d87d81d1b8_p1.replay.gz,https://duels.ink/r/019dff1a-70f0-7116-a383-0d4439c693cc,019dff1a-70e6-7ef8-ba93-63d87d81d1b8,019dff1a-70e6-7ef8-ba93-63d87d81d1b8.logs.gz,https://duels.ink/g/019dff1a-70e6-7ef8-ba93-63d87d81d1b8
019dff0a-5991-7fd7-810c-858e85f8bf3a,,bo1,,matchmaking,quick-play-core-set12,Quick Play: Core + Set 12 (BETA),false,,,2026-05-06T20:46:01.624Z,2026-05-06T20:56:32.831Z,631,12,loss,lore,1,false,16,20,,,,false,,826AhDXRASRMxNKUkTPEjNKwcEHmnvK3,019dfb2c-c162-73de-9b9c-55862fee65a6,Sapphire/Steel,Ryuk,false,false,Sapphire/Steel,019dff0a-5997-7ee2-9352-85b9ce448059,019dff0a-5991-7fd7-810c-858e85f8bf3a_p1.replay.gz,https://duels.ink/r/019dff0a-5997-7ee2-9352-85b9ce448059,019dff0a-5991-7fd7-810c-858e85f8bf3a,019dff0a-5991-7fd7-810c-858e85f8bf3a.logs.gz,https://duels.ink/g/019dff0a-5991-7fd7-810c-858e85f8bf3a
019dfb6d-a0ca-7662-90fa-4f425d49a6ed,,bo1,,matchmaking,quick-play-core-set12,Quick Play: Core + Set 12 (BETA),false,,,2026-05-06T03:55:59.066Z,2026-05-06T04:04:20.405Z,501,13,win,concede,2,true,17,7,,,,false,,826AhDXRASRMxNKUkTPEjNKwcEHmnvK3,019dfb59-0b58-74d8-bea7-3acf09c03f42,Amethyst/Steel,Ackerman,false,false,Amber/Sapphire,019dfb6d-a0d8-78d5-b1d6-3ed6c3f9ce54,019dfb6d-a0ca-7662-90fa-4f425d49a6ed_p2.replay.gz,https://duels.ink/r/019dfb6d-a0d8-78d5-b1d6-3ed6c3f9ce54,019dfb6d-a0ca-7662-90fa-4f425d49a6ed,019dfb6d-a0ca-7662-90fa-4f425d49a6ed.logs.gz,https://duels.ink/g/019dfb6d-a0ca-7662-90fa-4f425d49a6ed
019dfb63-3d13-737c-bca0-0134cd25d2a9,,bo1,,matchmaking,quick-play-core-set12,Quick Play: Core + Set 12 (BETA),false,,,2026-05-06T03:44:38.176Z,2026-05-06T03:51:42.092Z,424,9,win,concede,1,true,19,8,,,,false,,826AhDXRASRMxNKUkTPEjNKwcEHmnvK3,019dfb59-0b58-74d8-bea7-3acf09c03f42,Amethyst/Steel,Dwong,false,false,Emerald/Sapphire,019dfb63-3d1f-7054-aa9b-9f38b821cdbc,019dfb63-3d13-737c-bca0-0134cd25d2a9_p1.replay.gz,https://duels.ink/r/019dfb63-3d1f-7054-aa9b-9f38b821cdbc,019dfb63-3d13-737c-bca0-0134cd25d2a9,019dfb63-3d13-737c-bca0-0134cd25d2a9.logs.gz,https://duels.ink/g/019dfb63-3d13-737c-bca0-0134cd25d2a9
019dfb59-9d31-7087-8b23-b798141ee400,,bo1,,matchmaking,quick-play-core-set12,Quick Play: Core + Set 12 (BETA),false,,,2026-05-06T03:34:07.429Z,2026-05-06T03:44:26.793Z,619,10,loss,lore,2,true,15,21,,,,false,,826AhDXRASRMxNKUkTPEjNKwcEHmnvK3,ephemeral-lastused-1778038440219,Amethyst/Steel,SteveRogers,false,false,Amber/Emerald,019dfb59-9d44-7862-b793-6602e454d6b7,019dfb59-9d31-7087-8b23-b798141ee400_p2.replay.gz,https://duels.ink/r/019dfb59-9d44-7862-b793-6602e454d6b7,019dfb59-9d31-7087-8b23-b798141ee400,019dfb59-9d31-7087-8b23-b798141ee400.logs.gz,https://duels.ink/g/019dfb59-9d31-7087-8b23-b798141ee400
019dfb34-ccc2-7c7d-b980-dd9f7d5cc5f0,,bo1,,matchmaking,quick-play-core-set12,Quick Play: Core + Set 12 (BETA),false,,,2026-05-06T02:53:54.763Z,2026-05-06T02:58:19.462Z,265,7,win,concede,1,false,12,0,,,,false,,826AhDXRASRMxNKUkTPEjNKwcEHmnvK3,019dfb2c-c162-73de-9b9c-55862fee65a6,Sapphire/Steel,cypr,false,false,Amber/Sapphire,019dfb34-ccca-732e-a1fb-379c4d61d2e6,019dfb34-ccc2-7c7d-b980-dd9f7d5cc5f0_p1.replay.gz,https://duels.ink/r/019dfb34-ccca-732e-a1fb-379c4d61d2e6,019dfb34-ccc2-7c7d-b980-dd9f7d5cc5f0,019dfb34-ccc2-7c7d-b980-dd9f7d5cc5f0.logs.gz,https://duels.ink/g/019dfb34-ccc2-7c7d-b980-dd9f7d5cc5f0
019dfb2d-e6c4-7c29-ae02-41dc718a2848,,bo1,,matchmaking,quick-play-core-set12,Quick Play: Core + Set 12 (BETA),false,,,2026-05-06T02:46:22.674Z,2026-05-06T02:53:00.958Z,398,7,win,lore,1,true,21,8,,,,false,,826AhDXRASRMxNKUkTPEjNKwcEHmnvK3,ephemeral-lastused-1778035571850,Sapphire/Steel,jtjerzey5,false,false,Sapphire/Steel,019dfb2d-e6d1-73bd-8f56-5ac80267f8d9,019dfb2d-e6c4-7c29-ae02-41dc718a2848_p1.replay.gz,https://duels.ink/r/019dfb2d-e6d1-73bd-8f56-5ac80267f8d9,019dfb2d-e6c4-7c29-ae02-41dc718a2848,019dfb2d-e6c4-7c29-ae02-41dc718a2848.logs.gz,https://duels.ink/g/019dfb2d-e6c4-7c29-ae02-41dc718a2848
019dfb20-7986-77bf-b0d2-acb095b90011,,bo1,,matchmaking,quick-play-core-set12,Quick Play: Core + Set 12 (BETA),false,,,2026-05-06T02:31:42.750Z,2026-05-06T02:41:56.467Z,614,11,win,lore,2,true,20,7,,,,false,,826AhDXRASRMxNKUkTPEjNKwcEHmnvK3,019de3d3-7d18-7780-b727-977f5f44765e,Amber/Ruby,Drix,false,false,Amber/Sapphire,019dfb20-799d-7170-ba67-964e06f702e9,019dfb20-7986-77bf-b0d2-acb095b90011_p2.replay.gz,https://duels.ink/r/019dfb20-799d-7170-ba67-964e06f702e9,019dfb20-7986-77bf-b0d2-acb095b90011,019dfb20-7986-77bf-b0d2-acb095b90011.logs.gz,https://duels.ink/g/019dfb20-7986-77bf-b0d2-acb095b90011
019dfb1a-b96b-7d79-b0ac-62345f4a0c11,,bo1,,matchmaking,quick-play-core-set12,Quick Play: Core + Set 12 (BETA),false,,,2026-05-06T02:25:25.891Z,2026-05-06T02:31:34.104Z,368,7,win,concede,2,false,4,4,,,,false,,826AhDXRASRMxNKUkTPEjNKwcEHmnvK3,019de3d3-7d18-7780-b727-977f5f44765e,Amber/Ruby,Relic Sage,false,false,Amber/Ruby,019dfb1a-b981-7d65-8691-19e905ca6207,019dfb1a-b96b-7d79-b0ac-62345f4a0c11_p2.replay.gz,https://duels.ink/r/019dfb1a-b981-7d65-8691-19e905ca6207,019dfb1a-b96b-7d79-b0ac-62345f4a0c11,019dfb1a-b96b-7d79-b0ac-62345f4a0c11.logs.gz,https://duels.ink/g/019dfb1a-b96b-7d79-b0ac-62345f4a0c11
019deb35-1347-7236-882d-fdac281186de,,bo1,,matchmaking,quick-play-core-set12,Quick Play: Core + Set 12 (BETA),false,,,2026-05-03T00:20:17.368Z,2026-05-03T00:33:12.191Z,775,14,loss,lore,2,false,18,20,,,,false,,826AhDXRASRMxNKUkTPEjNKwcEHmnvK3,019de3d3-7d18-7780-b727-977f5f44765e,Amber/Ruby,(ATTQ)Geezy,false,false,Amethyst/Steel,019deb35-1357-75de-bda9-80fba218e106,019deb35-1347-7236-882d-fdac281186de_p2.replay.gz,https://duels.ink/r/019deb35-1357-75de-bda9-80fba218e106,019deb35-1347-7236-882d-fdac281186de,019deb35-1347-7236-882d-fdac281186de.logs.gz,https://duels.ink/g/019deb35-1347-7236-882d-fdac281186de
019deb29-61bf-7fd9-9e04-d5771685cadc,,bo1,,matchmaking,quick-play-core-set12,Quick Play: Core + Set 12 (BETA),false,,,2026-05-03T00:07:31.020Z,2026-05-03T00:19:59.313Z,748,17,loss,lore,2,true,5,20,,,,false,,826AhDXRASRMxNKUkTPEjNKwcEHmnvK3,019de3d3-7d18-7780-b727-977f5f44765e,Amber/Ruby,[GH] Mlikoo,false,false,Amethyst/Sapphire,019deb29-61ca-7bc2-87ca-e9eb5061d7a0,019deb29-61bf-7fd9-9e04-d5771685cadc_p2.replay.gz,https://duels.ink/r/019deb29-61ca-7bc2-87ca-e9eb5061d7a0,019deb29-61bf-7fd9-9e04-d5771685cadc,019deb29-61bf-7fd9-9e04-d5771685cadc.logs.gz,https://duels.ink/g/019deb29-61bf-7fd9-9e04-d5771685cadc
019dd11b-06c6-7174-b0de-0e83e2c4f562,,bo1,,matchmaking,core-bo1,Core Set 12 BO1,true,019e04bb-96fd-7d90-819f-79197e5b21cb,Core BO1 - Set 11,2026-04-27T22:41:42.618Z,2026-04-27T22:55:22.417Z,820,15,win,lore,2,true,20,16,1271,1278,7,false,,826AhDXRASRMxNKUkTPEjNKwcEHmnvK3,019da7c6-3171-786b-97eb-93fefd1488af,Amber/Ruby,Doug G,false,false,Amber/Amethyst,019dd11b-06d9-7e11-b44d-3ae631867ab0,019dd11b-06c6-7174-b0de-0e83e2c4f562_p2.replay.gz,https://duels.ink/r/019dd11b-06d9-7e11-b44d-3ae631867ab0,019dd11b-06c6-7174-b0de-0e83e2c4f562,019dd11b-06c6-7174-b0de-0e83e2c4f562.logs.gz,https://duels.ink/g/019dd11b-06c6-7174-b0de-0e83e2c4f562
019dd110-d556-7cd8-b561-57e7b20021b9,,bo1,,matchmaking,core-bo1,Core Set 12 BO1,true,019e04bb-96fd-7d90-819f-79197e5b21cb,Core BO1 - Set 11,2026-04-27T22:30:34.591Z,2026-04-27T22:41:08.145Z,634,11,loss,lore,1,true,12,20,1285,1271,-14,false,,826AhDXRASRMxNKUkTPEjNKwcEHmnvK3,019da7c6-3171-786b-97eb-93fefd1488af,Amber/Ruby,Doug G,false,false,Amber/Amethyst,019dd110-d55f-7af3-9098-aa79e2af3e03,019dd110-d556-7cd8-b561-57e7b20021b9_p1.replay.gz,https://duels.ink/r/019dd110-d55f-7af3-9098-aa79e2af3e03,019dd110-d556-7cd8-b561-57e7b20021b9,019dd110-d556-7cd8-b561-57e7b20021b9.logs.gz,https://duels.ink/g/019dd110-d556-7cd8-b561-57e7b20021b9
019dd10a-86cf-75dd-b868-919703e43a12,,bo1,,matchmaking,core-bo1,Core Set 12 BO1,true,019e04bb-96fd-7d90-819f-79197e5b21cb,Core BO1 - Set 11,2026-04-27T22:23:41.271Z,2026-04-27T22:29:24.883Z,344,8,win,concede,1,true,12,4,1272,1285,13,false,,826AhDXRASRMxNKUkTPEjNKwcEHmnvK3,019da7c6-3171-786b-97eb-93fefd1488af,Amber/Ruby,freenuggets,false,false,Ruby/Steel,019dd10a-86d6-7cc4-8933-b902fa24aa42,019dd10a-86cf-75dd-b868-919703e43a12_p1.replay.gz,https://duels.ink/r/019dd10a-86d6-7cc4-8933-b902fa24aa42,019dd10a-86cf-75dd-b868-919703e43a12,019dd10a-86cf-75dd-b868-919703e43a12.logs.gz,https://duels.ink/g/019dd10a-86cf-75dd-b868-919703e43a12
019dcfd8-aa5c-7943-bf22-b6e9e54826ea,,bo1,,matchmaking,core-bo1,Core Set 12 BO1,true,019e04bb-96fd-7d90-819f-79197e5b21cb,Core BO1 - Set 11,2026-04-27T16:49:36.370Z,2026-04-27T16:59:48.835Z,612,8,loss,lore,1,false,7,20,1281,1272,-9,false,,826AhDXRASRMxNKUkTPEjNKwcEHmnvK3,019da7c6-3171-786b-97eb-93fefd1488af,Amber/Ruby,To2MaX,false,false,Amber/Emerald,019dcfd8-aa70-72e3-8280-4a6153a609f4,019dcfd8-aa5c-7943-bf22-b6e9e54826ea_p1.replay.gz,https://duels.ink/r/019dcfd8-aa70-72e3-8280-4a6153a609f4,019dcfd8-aa5c-7943-bf22-b6e9e54826ea,019dcfd8-aa5c-7943-bf22-b6e9e54826ea.logs.gz,https://duels.ink/g/019dcfd8-aa5c-7943-bf22-b6e9e54826ea
019dce7e-6f82-7b2f-99a7-492501c6ce24,,bo1,,matchmaking,core-bo1,Core Set 12 BO1,true,019e04bb-96fd-7d90-819f-79197e5b21cb,Core BO1 - Set 11,2026-04-27T10:31:25.842Z,2026-04-27T10:38:34.971Z,429,13,win,concede,2,false,13,2,1271,1281,10,false,,826AhDXRASRMxNKUkTPEjNKwcEHmnvK3,019da7c6-3171-786b-97eb-93fefd1488af,Amber/Ruby,Asenshi,false,false,Amber/Sapphire,019dce7e-6f91-7642-852d-32c47e9d3388,019dce7e-6f82-7b2f-99a7-492501c6ce24_p2.replay.gz,https://duels.ink/r/019dce7e-6f91-7642-852d-32c47e9d3388,019dce7e-6f82-7b2f-99a7-492501c6ce24,019dce7e-6f82-7b2f-99a7-492501c6ce24.logs.gz,https://duels.ink/g/019dce7e-6f82-7b2f-99a7-492501c6ce24
019dc558-1b45-7f10-a87a-142dfc1d97b1,,bo1,,matchmaking,core-bo1,Core Set 12 BO1,true,019e04bb-96fd-7d90-819f-79197e5b21cb,Core BO1 - Set 11,2026-04-25T15:52:58.972Z,2026-04-25T16:05:06.375Z,727,18,loss,lore,2,true,12,20,1277,1271,-6,false,,826AhDXRASRMxNKUkTPEjNKwcEHmnvK3,,Amber/Ruby,[OZM] Throkx,false,false,Amber/Ruby,019dc558-1b5a-78ad-9e5c-d09ccee60061,019dc558-1b45-7f10-a87a-142dfc1d97b1_p2.replay.gz,https://duels.ink/r/019dc558-1b5a-78ad-9e5c-d09ccee60061,019dc558-1b45-7f10-a87a-142dfc1d97b1,019dc558-1b45-7f10-a87a-142dfc1d97b1.logs.gz,https://duels.ink/g/019dc558-1b45-7f10-a87a-142dfc1d97b1
019dc545-9b4a-7b44-bd1b-a864ce2cf7e8,,bo1,,matchmaking,core-bo1,Core Set 12 BO1,true,019e04bb-96fd-7d90-819f-79197e5b21cb,Core BO1 - Set 11,2026-04-25T15:32:46.547Z,2026-04-25T15:52:47.534Z,1201,22,win,concede,1,true,9,15,1265,1277,12,false,,826AhDXRASRMxNKUkTPEjNKwcEHmnvK3,,Amber/Ruby,TomyChow,false,false,Amber/Ruby,019dc545-9b52-7368-a1c3-0cd433810eb1,019dc545-9b4a-7b44-bd1b-a864ce2cf7e8_p1.replay.gz,https://duels.ink/r/019dc545-9b52-7368-a1c3-0cd433810eb1,019dc545-9b4a-7b44-bd1b-a864ce2cf7e8,019dc545-9b4a-7b44-bd1b-a864ce2cf7e8.logs.gz,https://duels.ink/g/019dc545-9b4a-7b44-bd1b-a864ce2cf7e8
019dc53e-7567-7887-b2f6-115ab1222974,,bo1,,matchmaking,core-bo1,Core Set 12 BO1,true,019e04bb-96fd-7d90-819f-79197e5b21cb,Core BO1 - Set 11,2026-04-25T15:24:58.100Z,2026-04-25T15:32:27.513Z,449,10,win,concede,2,true,11,7,1249,1265,16,false,,826AhDXRASRMxNKUkTPEjNKwcEHmnvK3,,Amber/Ruby,SirMAPS,false,false,Amethyst/Ruby,019dc53e-7573-70c0-b8aa-c40939b9701e,019dc53e-7567-7887-b2f6-115ab1222974_p2.replay.gz,https://duels.ink/r/019dc53e-7573-70c0-b8aa-c40939b9701e,019dc53e-7567-7887-b2f6-115ab1222974,019dc53e-7567-7887-b2f6-115ab1222974.logs.gz,https://duels.ink/g/019dc53e-7567-7887-b2f6-115ab1222974
019dba6b-d541-7580-be29-75ced6ce0c83,,bo1,,matchmaking,core-bo1,Core Set 12 BO1,true,019e04bb-96fd-7d90-819f-79197e5b21cb,Core BO1 - Set 11,2026-04-23T12:58:42.388Z,2026-04-23T13:10:09.231Z,687,14,win,concede,2,true,15,7,1238,1249,11,false,,826AhDXRASRMxNKUkTPEjNKwcEHmnvK3,,Amber/Ruby,NoChatBot,false,false,Amber/Ruby,019dba6b-d553-7f96-b873-92a8702047a2,019dba6b-d541-7580-be29-75ced6ce0c83_p2.replay.gz,https://duels.ink/r/019dba6b-d553-7f96-b873-92a8702047a2,019dba6b-d541-7580-be29-75ced6ce0c83,019dba6b-d541-7580-be29-75ced6ce0c83.logs.gz,https://duels.ink/g/019dba6b-d541-7580-be29-75ced6ce0c83
019dba65-b7dd-7a18-b5fb-3cfed8b460d0,,bo1,,matchmaking,core-bo1,Core Set 12 BO1,true,019e04bb-96fd-7d90-819f-79197e5b21cb,Core BO1 - Set 11,2026-04-23T12:52:01.648Z,2026-04-23T12:58:34.108Z,392,11,loss,lore,2,false,3,21,1247,1238,-9,false,,826AhDXRASRMxNKUkTPEjNKwcEHmnvK3,,Amber/Ruby,Agent Huggybear,false,false,Sapphire/Steel,019dba65-b7ef-7489-ba4e-3b2fd1783b5e,019dba65-b7dd-7a18-b5fb-3cfed8b460d0_p2.replay.gz,https://duels.ink/r/019dba65-b7ef-7489-ba4e-3b2fd1783b5e,019dba65-b7dd-7a18-b5fb-3cfed8b460d0,019dba65-b7dd-7a18-b5fb-3cfed8b460d0.logs.gz,https://duels.ink/g/019dba65-b7dd-7a18-b5fb-3cfed8b460d0
019db717-8b6b-775d-a910-440297628263,,bo1,,matchmaking,core-bo1,Core Set 12 BO1,true,019e04bb-96fd-7d90-819f-79197e5b21cb,Core BO1 - Set 11,2026-04-22T21:27:46.812Z,2026-04-22T21:34:46.790Z,420,12,win,lore,1,true,21,0,1239,1247,8,false,,826AhDXRASRMxNKUkTPEjNKwcEHmnvK3,,Amber/Ruby,Textaporte,false,false,Amethyst/Sapphire,019db717-8b7a-7ed1-aae9-4254135c9c58,019db717-8b6b-775d-a910-440297628263_p1.replay.gz,https://duels.ink/r/019db717-8b7a-7ed1-aae9-4254135c9c58,019db717-8b6b-775d-a910-440297628263,019db717-8b6b-775d-a910-440297628263.logs.gz,https://duels.ink/g/019db717-8b6b-775d-a910-440297628263
019db713-c18e-7020-91af-f88e758180fe,,bo1,,matchmaking,core-bo1,Core Set 12 BO1,true,019e04bb-96fd-7d90-819f-79197e5b21cb,Core BO1 - Set 11,2026-04-22T21:23:38.518Z,2026-04-22T21:27:29.951Z,231,7,loss,lore,2,false,11,20,1247,1239,-8,false,,826AhDXRASRMxNKUkTPEjNKwcEHmnvK3,,Amber/Ruby,FoolishMortal 🦇,false,false,Amethyst/Emerald,019db713-c195-726b-b876-3ed073985825,019db713-c18e-7020-91af-f88e758180fe_p2.replay.gz,https://duels.ink/r/019db713-c195-726b-b876-3ed073985825,019db713-c18e-7020-91af-f88e758180fe,019db713-c18e-7020-91af-f88e758180fe.logs.gz,https://duels.ink/g/019db713-c18e-7020-91af-f88e758180fe
019db2a9-fab4-7b07-b1b8-8b23b4a5ca49,,bo1,,matchmaking,core-bo1,Core Set 12 BO1,true,019e04bb-96fd-7d90-819f-79197e5b21cb,Core BO1 - Set 11,2026-04-22T00:49:37.473Z,2026-04-22T01:03:20.376Z,823,15,win,lore,2,true,20,18,1234,1247,13,false,,826AhDXRASRMxNKUkTPEjNKwcEHmnvK3,,Amber/Ruby,The_First_Lorekage,false,false,Amethyst/Steel,019db2a9-fac1-70f5-b68f-0a0fd0b8e57e,019db2a9-fab4-7b07-b1b8-8b23b4a5ca49_p2.replay.gz,https://duels.ink/r/019db2a9-fac1-70f5-b68f-0a0fd0b8e57e,019db2a9-fab4-7b07-b1b8-8b23b4a5ca49,019db2a9-fab4-7b07-b1b8-8b23b4a5ca49.logs.gz,https://duels.ink/g/019db2a9-fab4-7b07-b1b8-8b23b4a5ca49
019db2a1-568d-74f2-889f-e0205100ca0d,,bo1,,matchmaking,core-bo1,Core Set 12 BO1,true,019e04bb-96fd-7d90-819f-79197e5b21cb,Core BO1 - Set 11,2026-04-22T00:40:11.169Z,2026-04-22T00:49:26.409Z,555,10,loss,lore,1,true,3,20,1245,1234,-11,false,,826AhDXRASRMxNKUkTPEjNKwcEHmnvK3,,Amber/Ruby,Quentin,false,false,Amber/Steel,019db2a1-56a0-783e-90cd-7aa5efdcb298,019db2a1-568d-74f2-889f-e0205100ca0d_p1.replay.gz,https://duels.ink/r/019db2a1-56a0-783e-90cd-7aa5efdcb298,019db2a1-568d-74f2-889f-e0205100ca0d,019db2a1-568d-74f2-889f-e0205100ca0d.logs.gz,https://duels.ink/g/019db2a1-568d-74f2-889f-e0205100ca0d
019db243-b293-743d-898f-5a42ab35952f,,bo1,,matchmaking,core-bo1,Core Set 12 BO1,true,019e04bb-96fd-7d90-819f-79197e5b21cb,Core BO1 - Set 11,2026-04-21T22:57:54.337Z,2026-04-21T23:20:56.649Z,1382,19,win,lore,1,false,21,14,1233,1245,12,false,,826AhDXRASRMxNKUkTPEjNKwcEHmnvK3,,Amber/Ruby,RdP_Tobi,false,false,Amber/Ruby,019db243-b29f-7aa8-8701-020ecd3f4f5f,019db243-b293-743d-898f-5a42ab35952f_p1.replay.gz,https://duels.ink/r/019db243-b29f-7aa8-8701-020ecd3f4f5f,019db243-b293-743d-898f-5a42ab35952f,019db243-b293-743d-898f-5a42ab35952f.logs.gz,https://duels.ink/g/019db243-b293-743d-898f-5a42ab35952f
019db23a-992f-74ca-9e7e-7daf9471fef4,,bo1,,matchmaking,core-bo1,Core Set 12 BO1,true,019e04bb-96fd-7d90-819f-79197e5b21cb,Core BO1 - Set 11,2026-04-21T22:47:58.006Z,2026-04-21T22:57:43.199Z,585,15,win,lore,2,true,21,12,1221,1233,12,false,,826AhDXRASRMxNKUkTPEjNKwcEHmnvK3,,Amber/Ruby,ruby1991,false,false,Amber/Sapphire,019db23a-9936-7d32-a5b1-ac7791879b7d,019db23a-992f-74ca-9e7e-7daf9471fef4_p2.replay.gz,https://duels.ink/r/019db23a-9936-7d32-a5b1-ac7791879b7d,019db23a-992f-74ca-9e7e-7daf9471fef4,019db23a-992f-74ca-9e7e-7daf9471fef4.logs.gz,https://duels.ink/g/019db23a-992f-74ca-9e7e-7daf9471fef4
019db1ca-08ce-7b39-ac41-934dac1998b7,,bo1,,matchmaking,core-bo1,Core Set 12 BO1,true,019e04bb-96fd-7d90-819f-79197e5b21cb,Core BO1 - Set 11,2026-04-21T20:45:01.016Z,2026-04-21T20:54:46.727Z,586,11,loss,lore,2,true,16,20,1232,1221,-11,false,,826AhDXRASRMxNKUkTPEjNKwcEHmnvK3,,Amber/Ruby,Quentin,false,false,Amber/Steel,019db1ca-08d7-78b8-8add-ed920c2b45de,019db1ca-08ce-7b39-ac41-934dac1998b7_p2.replay.gz,https://duels.ink/r/019db1ca-08d7-78b8-8add-ed920c2b45de,019db1ca-08ce-7b39-ac41-934dac1998b7,019db1ca-08ce-7b39-ac41-934dac1998b7.logs.gz,https://duels.ink/g/019db1ca-08ce-7b39-ac41-934dac1998b7
019db1c2-78e0-7c26-a153-e822d2737e4c,,bo1,,matchmaking,core-bo1,Core Set 12 BO1,true,019e04bb-96fd-7d90-819f-79197e5b21cb,Core BO1 - Set 11,2026-04-21T20:36:45.417Z,2026-04-21T20:44:49.375Z,484,8,loss,lore,2,false,1,20,1241,1232,-9,false,,826AhDXRASRMxNKUkTPEjNKwcEHmnvK3,,Amber/Ruby,voltron90,false,false,Amber/Steel,019db1c2-78e8-7684-852e-43f3022e12bd,019db1c2-78e0-7c26-a153-e822d2737e4c_p2.replay.gz,https://duels.ink/r/019db1c2-78e8-7684-852e-43f3022e12bd,019db1c2-78e0-7c26-a153-e822d2737e4c,019db1c2-78e0-7c26-a153-e822d2737e4c.logs.gz,https://duels.ink/g/019db1c2-78e0-7c26-a153-e822d2737e4c
019db1ad-75f3-7308-8410-84d55fbaee14,,bo1,,matchmaking,core-bo1,Core Set 12 BO1,true,019e04bb-96fd-7d90-819f-79197e5b21cb,Core BO1 - Set 11,2026-04-21T20:13:48.422Z,2026-04-21T20:36:34.156Z,1366,17,loss,lore,2,true,15,21,1251,1241,-10,false,,826AhDXRASRMxNKUkTPEjNKwcEHmnvK3,,Amber/Ruby,JiiGee,false,false,Amethyst/Ruby,019db1ad-7604-7017-aab0-20c8eb86a7ff,019db1ad-75f3-7308-8410-84d55fbaee14_p2.replay.gz,https://duels.ink/r/019db1ad-7604-7017-aab0-20c8eb86a7ff,019db1ad-75f3-7308-8410-84d55fbaee14,019db1ad-75f3-7308-8410-84d55fbaee14.logs.gz,https://duels.ink/g/019db1ad-75f3-7308-8410-84d55fbaee14
019dad30-4fde-7b10-ac5b-72246f64c7e9,,bo1,,matchmaking,core-bo1,Core Set 12 BO1,true,019e04bb-96fd-7d90-819f-79197e5b21cb,Core BO1 - Set 11,2026-04-20T23:18:37.804Z,2026-04-20T23:22:48.275Z,250,7,win,lore,2,true,21,18,1240,1251,11,false,,826AhDXRASRMxNKUkTPEjNKwcEHmnvK3,,Amber/Ruby,dippingsauce123,false,false,Amethyst/Emerald,019dad30-4fea-75e5-bc39-50f1f88bf4c2,019dad30-4fde-7b10-ac5b-72246f64c7e9_p2.replay.gz,https://duels.ink/r/019dad30-4fea-75e5-bc39-50f1f88bf4c2,019dad30-4fde-7b10-ac5b-72246f64c7e9,019dad30-4fde-7b10-ac5b-72246f64c7e9.logs.gz,https://duels.ink/g/019dad30-4fde-7b10-ac5b-72246f64c7e9
019dad2c-614e-7f08-a7f2-161d52d7b14c,,bo1,,matchmaking,core-bo1,Core Set 12 BO1,true,019e04bb-96fd-7d90-819f-79197e5b21cb,Core BO1 - Set 11,2026-04-20T23:14:20.119Z,2026-04-20T23:18:28.064Z,248,7,loss,lore,2,true,2,20,1250,1240,-10,false,,826AhDXRASRMxNKUkTPEjNKwcEHmnvK3,,Amber/Ruby,tafutcg,false,false,Amber/Emerald,019dad2c-6156-73ec-a67b-88394e8c910c,019dad2c-614e-7f08-a7f2-161d52d7b14c_p2.replay.gz,https://duels.ink/r/019dad2c-6156-73ec-a67b-88394e8c910c,019dad2c-614e-7f08-a7f2-161d52d7b14c,019dad2c-614e-7f08-a7f2-161d52d7b14c.logs.gz,https://duels.ink/g/019dad2c-614e-7f08-a7f2-161d52d7b14c
019dad1f-403d-72c5-96d4-8142dd6f1aac,,bo1,,matchmaking,core-bo1,Core Set 12 BO1,true,019e04bb-96fd-7d90-819f-79197e5b21cb,Core BO1 - Set 11,2026-04-20T22:59:59.685Z,2026-04-20T23:14:11.131Z,851,13,loss,lore,2,false,8,20,1260,1250,-10,false,,826AhDXRASRMxNKUkTPEjNKwcEHmnvK3,,Amber/Ruby,Will Jam,false,false,Emerald/Sapphire,019dad1f-4045-75c3-b0e7-78d34e93b442,019dad1f-403d-72c5-96d4-8142dd6f1aac_p2.replay.gz,https://duels.ink/r/019dad1f-4045-75c3-b0e7-78d34e93b442,019dad1f-403d-72c5-96d4-8142dd6f1aac,019dad1f-403d-72c5-96d4-8142dd6f1aac.logs.gz,https://duels.ink/g/019dad1f-403d-72c5-96d4-8142dd6f1aac
019dad0d-7070-719e-ba74-f35ab9ab8156,,bo1,,matchmaking,core-bo1,Core Set 12 BO1,true,019e04bb-96fd-7d90-819f-79197e5b21cb,Core BO1 - Set 11,2026-04-20T22:40:32.381Z,2026-04-20T22:51:37.861Z,665,14,win,concede,1,true,17,6,1249,1260,11,false,,826AhDXRASRMxNKUkTPEjNKwcEHmnvK3,,Amber/Ruby,TCD Dark shadow,false,false,Amethyst/Sapphire,019dad0d-707c-755d-beab-bd366e72dfb4,019dad0d-7070-719e-ba74-f35ab9ab8156_p1.replay.gz,https://duels.ink/r/019dad0d-707c-755d-beab-bd366e72dfb4,019dad0d-7070-719e-ba74-f35ab9ab8156,019dad0d-7070-719e-ba74-f35ab9ab8156.logs.gz,https://duels.ink/g/019dad0d-7070-719e-ba74-f35ab9ab8156
019dab45-bb81-763c-88a5-917e5a995a2f,,bo1,,matchmaking,core-bo1,Core Set 12 BO1,true,019e04bb-96fd-7d90-819f-79197e5b21cb,Core BO1 - Set 11,2026-04-20T14:22:47.181Z,2026-04-20T14:45:11.733Z,1345,16,win,concede,2,true,19,6,1233,1249,16,false,,826AhDXRASRMxNKUkTPEjNKwcEHmnvK3,,Amber/Ruby,Gary85,false,false,Amber/Ruby,019dab45-bb8c-773a-bfcb-7319b25236f7,019dab45-bb81-763c-88a5-917e5a995a2f_p2.replay.gz,https://duels.ink/r/019dab45-bb8c-773a-bfcb-7319b25236f7,019dab45-bb81-763c-88a5-917e5a995a2f,019dab45-bb81-763c-88a5-917e5a995a2f.logs.gz,https://duels.ink/g/019dab45-bb81-763c-88a5-917e5a995a2f
019dab31-468d-7cd7-bf34-ab0822bbd3ed,,bo1,,matchmaking,core-bo1,Core Set 12 BO1,true,019e04bb-96fd-7d90-819f-79197e5b21cb,Core BO1 - Set 11,2026-04-20T14:00:26.523Z,2026-04-20T14:09:03.745Z,517,12,loss,lore,1,false,3,21,1247,1233,-14,false,,826AhDXRASRMxNKUkTPEjNKwcEHmnvK3,,Amber/Ruby,Nitec,false,false,Amber/Ruby,019dab31-469a-7a76-a8bc-c12bc9c5a4a4,019dab31-468d-7cd7-bf34-ab0822bbd3ed_p1.replay.gz,https://duels.ink/r/019dab31-469a-7a76-a8bc-c12bc9c5a4a4,019dab31-468d-7cd7-bf34-ab0822bbd3ed,019dab31-468d-7cd7-bf34-ab0822bbd3ed.logs.gz,https://duels.ink/g/019dab31-468d-7cd7-bf34-ab0822bbd3ed
019daa56-df9f-72f6-867b-d2b8c2d77ecf,,bo1,,matchmaking,core-bo1,Core Set 12 BO1,true,019e04bb-96fd-7d90-819f-79197e5b21cb,Core BO1 - Set 11,2026-04-20T10:01:53.326Z,2026-04-20T10:10:42.074Z,529,9,loss,concede,1,false,6,16,1263,1247,-16,false,,826AhDXRASRMxNKUkTPEjNKwcEHmnvK3,,Amber/Ruby,Linda Super,false,false,Amber/Emerald,019daa56-dfac-7c85-b620-0d4deb734be3,019daa56-df9f-72f6-867b-d2b8c2d77ecf_p1.replay.gz,https://duels.ink/r/019daa56-dfac-7c85-b620-0d4deb734be3,019daa56-df9f-72f6-867b-d2b8c2d77ecf,019daa56-df9f-72f6-867b-d2b8c2d77ecf.logs.gz,https://duels.ink/g/019daa56-df9f-72f6-867b-d2b8c2d77ecf
019da7ef-46d9-779d-ae3d-a8eac888e002,,bo1,,matchmaking,core-bo1,Core Set 12 BO1,true,019e04bb-96fd-7d90-819f-79197e5b21cb,Core BO1 - Set 11,2026-04-19T22:49:29.582Z,2026-04-19T23:05:26.262Z,957,13,win,lore,1,true,20,13,1253,1263,10,false,,826AhDXRASRMxNKUkTPEjNKwcEHmnvK3,,Amber/Ruby,jbop123,false,false,Amber/Steel,019da7ef-46ed-7f4b-a90d-7cbfc2cdb895,019da7ef-46d9-779d-ae3d-a8eac888e002_p1.replay.gz,https://duels.ink/r/019da7ef-46ed-7f4b-a90d-7cbfc2cdb895,019da7ef-46d9-779d-ae3d-a8eac888e002,019da7ef-46d9-779d-ae3d-a8eac888e002.logs.gz,https://duels.ink/g/019da7ef-46d9-779d-ae3d-a8eac888e002
019da7e4-f43e-7bd4-895d-4af42bd1786c,,bo1,,matchmaking,core-bo1,Core Set 12 BO1,true,019e04bb-96fd-7d90-819f-79197e5b21cb,Core BO1 - Set 11,2026-04-19T22:38:13.066Z,2026-04-19T22:48:41.122Z,628,11,win,lore,2,true,20,6,1240,1253,13,false,,826AhDXRASRMxNKUkTPEjNKwcEHmnvK3,,Amber/Ruby,Kumiho,false,false,Ruby/Steel,019da7e4-f449-7664-835c-ef81bd4d36ee,019da7e4-f43e-7bd4-895d-4af42bd1786c_p2.replay.gz,https://duels.ink/r/019da7e4-f449-7664-835c-ef81bd4d36ee,019da7e4-f43e-7bd4-895d-4af42bd1786c,019da7e4-f43e-7bd4-895d-4af42bd1786c.logs.gz,https://duels.ink/g/019da7e4-f43e-7bd4-895d-4af42bd1786c
019da7ce-d123-79ec-99a0-bbaad8a1b362,,bo1,,matchmaking,quick-play,Quick Play: Core BO1,false,019e0e7f-fd6e-716d-a1cc-9aaa3a01e5a0,Quick Play: Core BO1 - Set 11,2026-04-19T22:14:02.290Z,2026-04-19T22:25:20.699Z,678,9,win,concede,1,true,17,3,,,,false,,826AhDXRASRMxNKUkTPEjNKwcEHmnvK3,,Amber/Ruby,Lorecasm,false,false,Amber/Steel,019da7ce-d130-7628-876f-3998013cdb87,019da7ce-d123-79ec-99a0-bbaad8a1b362_p1.replay.gz,https://duels.ink/r/019da7ce-d130-7628-876f-3998013cdb87,019da7ce-d123-79ec-99a0-bbaad8a1b362,019da7ce-d123-79ec-99a0-bbaad8a1b362.logs.gz,https://duels.ink/g/019da7ce-d123-79ec-99a0-bbaad8a1b362
019da7c8-4e69-77dd-a0b6-2b82e6b7cc3c,,bo1,,matchmaking,quick-play,Quick Play: Core BO1,false,019e0e7f-fd6e-716d-a1cc-9aaa3a01e5a0,Quick Play: Core BO1 - Set 11,2026-04-19T22:06:55.604Z,2026-04-19T22:13:30.561Z,395,9,win,lore,2,false,21,4,,,,false,,826AhDXRASRMxNKUkTPEjNKwcEHmnvK3,,Amber/Ruby,Donstonsmalls,false,false,Amber/Sapphire,019da7c8-4e73-7283-a802-34bfd2f6dc2d,019da7c8-4e69-77dd-a0b6-2b82e6b7cc3c_p2.replay.gz,https://duels.ink/r/019da7c8-4e73-7283-a802-34bfd2f6dc2d,019da7c8-4e69-77dd-a0b6-2b82e6b7cc3c,019da7c8-4e69-77dd-a0b6-2b82e6b7cc3c.logs.gz,https://duels.ink/g/019da7c8-4e69-77dd-a0b6-2b82e6b7cc3c
019d9d65-391e-7f57-82e5-ee87440a1268,,bo1,,matchmaking,core-bo1,Core Set 12 BO1,true,019e04bb-96fd-7d90-819f-79197e5b21cb,Core BO1 - Set 11,2026-04-17T21:42:29.928Z,2026-04-17T21:51:12.349Z,522,11,win,concede,1,true,18,5,1224,1240,16,false,,826AhDXRASRMxNKUkTPEjNKwcEHmnvK3,,Amethyst/Steel,Ti_Roroow,false,false,Amber/Ruby,019d9d65-3927-76d4-8491-41e85f5deffc,019d9d65-391e-7f57-82e5-ee87440a1268_p1.replay.gz,https://duels.ink/r/019d9d65-3927-76d4-8491-41e85f5deffc,019d9d65-391e-7f57-82e5-ee87440a1268,019d9d65-391e-7f57-82e5-ee87440a1268.logs.gz,https://duels.ink/g/019d9d65-391e-7f57-82e5-ee87440a1268
019d9d59-a35a-7736-a2ef-189096ca12b7,,bo1,,matchmaking,core-bo1,Core Set 12 BO1,true,019e04bb-96fd-7d90-819f-79197e5b21cb,Core BO1 - Set 11,2026-04-17T21:29:50.694Z,2026-04-17T21:42:16.614Z,746,12,loss,lore,1,false,16,21,1234,1224,-10,false,,826AhDXRASRMxNKUkTPEjNKwcEHmnvK3,,Amethyst/Steel,lore-for-me,false,false,Amber/Amethyst,019d9d59-a365-7738-bf6c-80617c7c956c,019d9d59-a35a-7736-a2ef-189096ca12b7_p1.replay.gz,https://duels.ink/r/019d9d59-a365-7738-bf6c-80617c7c956c,019d9d59-a35a-7736-a2ef-189096ca12b7,019d9d59-a35a-7736-a2ef-189096ca12b7.logs.gz,https://duels.ink/g/019d9d59-a35a-7736-a2ef-189096ca12b7
019d9d4f-17e0-74c4-aacf-27971ca4d3f5,,bo1,,matchmaking,core-bo1,Core Set 12 BO1,true,019e04bb-96fd-7d90-819f-79197e5b21cb,Core BO1 - Set 11,2026-04-17T21:18:19.633Z,2026-04-17T21:29:36.163Z,677,11,loss,lore,1,true,15,20,1247,1234,-13,false,,826AhDXRASRMxNKUkTPEjNKwcEHmnvK3,,Amethyst/Steel,Angepete#OO1,false,false,Amethyst/Emerald,019d9d4f-17f1-728e-9cfb-2d8e1f1b32f0,019d9d4f-17e0-74c4-aacf-27971ca4d3f5_p1.replay.gz,https://duels.ink/r/019d9d4f-17f1-728e-9cfb-2d8e1f1b32f0,019d9d4f-17e0-74c4-aacf-27971ca4d3f5,019d9d4f-17e0-74c4-aacf-27971ca4d3f5.logs.gz,https://duels.ink/g/019d9d4f-17e0-74c4-aacf-27971ca4d3f5
019d9d40-0d7b-77ca-90e7-0cf1b9e8b92c,,bo1,,matchmaking,core-bo1,Core Set 12 BO1,true,019e04bb-96fd-7d90-819f-79197e5b21cb,Core BO1 - Set 11,2026-04-17T21:01:53.932Z,2026-04-17T21:17:30.384Z,936,13,loss,lore,2,true,16,20,1255,1247,-8,false,,826AhDXRASRMxNKUkTPEjNKwcEHmnvK3,,Amethyst/Steel,SI1010,false,false,Amethyst/Steel,019d9d40-0d8b-7b42-b32d-95bb7f3476df,019d9d40-0d7b-77ca-90e7-0cf1b9e8b92c_p2.replay.gz,https://duels.ink/r/019d9d40-0d8b-7b42-b32d-95bb7f3476df,019d9d40-0d7b-77ca-90e7-0cf1b9e8b92c,019d9d40-0d7b-77ca-90e7-0cf1b9e8b92c.logs.gz,https://duels.ink/g/019d9d40-0d7b-77ca-90e7-0cf1b9e8b92c
019d9cf4-7dcc-768e-8c6a-75e593d30371,,bo1,,matchmaking,core-bo1,Core Set 12 BO1,true,019e04bb-96fd-7d90-819f-79197e5b21cb,Core BO1 - Set 11,2026-04-17T19:39:21.949Z,2026-04-17T19:45:29.145Z,367,11,loss,lore,1,true,11,20,1271,1255,-16,false,,826AhDXRASRMxNKUkTPEjNKwcEHmnvK3,,Amethyst/Steel,Janne,false,false,Amethyst/Sapphire,019d9cf4-7ddc-7262-8807-1039457d6141,019d9cf4-7dcc-768e-8c6a-75e593d30371_p1.replay.gz,https://duels.ink/r/019d9cf4-7ddc-7262-8807-1039457d6141,019d9cf4-7dcc-768e-8c6a-75e593d30371,019d9cf4-7dcc-768e-8c6a-75e593d30371.logs.gz,https://duels.ink/g/019d9cf4-7dcc-768e-8c6a-75e593d30371
019d9cec-3cd7-7794-8611-1079ad74b2c4,,bo1,,matchmaking,core-bo1,Core Set 12 BO1,true,019e04bb-96fd-7d90-819f-79197e5b21cb,Core BO1 - Set 11,2026-04-17T19:30:21.030Z,2026-04-17T19:39:00.299Z,519,11,win,lore,1,true,21,4,1256,1271,15,false,,826AhDXRASRMxNKUkTPEjNKwcEHmnvK3,,Amethyst/Steel,LAG_Talysanne,false,false,Amber/Steel,019d9cec-3ce4-792f-9512-41a99ad3ac96,019d9cec-3cd7-7794-8611-1079ad74b2c4_p1.replay.gz,https://duels.ink/r/019d9cec-3ce4-792f-9512-41a99ad3ac96,019d9cec-3cd7-7794-8611-1079ad74b2c4,019d9cec-3cd7-7794-8611-1079ad74b2c4.logs.gz,https://duels.ink/g/019d9cec-3cd7-7794-8611-1079ad74b2c4
019d9c5b-b96b-78e1-9525-7c6b9fd2103f,,bo1,,matchmaking,core-bo1,Core Set 12 BO1,true,019e04bb-96fd-7d90-819f-79197e5b21cb,Core BO1 - Set 11,2026-04-17T16:52:30.201Z,2026-04-17T17:00:36.921Z,487,10,win,concede,2,true,18,1,1246,1256,10,false,,826AhDXRASRMxNKUkTPEjNKwcEHmnvK3,,Amethyst/Steel,Rat,false,false,Amethyst/Steel,019d9c5b-b978-7505-bb45-b06caed1f3c6,019d9c5b-b96b-78e1-9525-7c6b9fd2103f_p2.replay.gz,https://duels.ink/r/019d9c5b-b978-7505-bb45-b06caed1f3c6,019d9c5b-b96b-78e1-9525-7c6b9fd2103f,019d9c5b-b96b-78e1-9525-7c6b9fd2103f.logs.gz,https://duels.ink/g/019d9c5b-b96b-78e1-9525-7c6b9fd2103f
